{"resourceType":"CapabilityStatement","id":"NSCLC-CapabilityStatement-Client","text":{"status":"generated","div":"<div xmlns=\"http://www.w3.org/1999/xhtml\"><ul><li>實作指引版本：0.0.1</li><li>FHIR版本：4.0.1</li><li>發佈日：2022-09-07</li><li>發佈者：CY LAB</li></ul><h3 id=\"behavior\">Client的FHIR RESTful功能要求</h3><ul><li>用戶端(Client)必須 <strong>(SHALL)</strong></li><ol><li>使用伺服端(Server)能力聲明中的查詢參數，支援讀取和查詢一個或多個Profile(s)。</li></ol><li><strong>安全性</strong></li><ol><li>有關要求和建議，請參閱一般安全注意事項部分。</li></ol><li><strong>系統廣泛的互動:</strong></li><ul><li><strong>可能可以(MAY)</strong>支援交易互動( <code>transaction</code> interaction)。</li><li><strong>可能可以(MAY)</strong>支援批次互動( <code>batch</code> interaction)。</li><li><strong>可能可以(MAY)</strong>支援查詢系統互動( <code>search-system</code> interaction)。</li></ul></ul><h3 id=\"resource--details\" class=\"no_toc\">Resources或Profiles的RESTful功能</h3><ul><li><strong>共有三類Resources支援查詢，查詢參數如表列：</strong></li><table class=\"grid\"><thead><tr><th>Resources型別</th><th>支援的Profiles</th><th>支援的查詢參數</th><th>支援 <code>_includes</code>(未來視情況新增)</th><th>支援 <code>_revincludes</code>(未來視情況新增)</th><th>支援Operations(未來視情況新增)</th></tr></thead><tbody><tr><td><a href=\"#diagnosticReport\">DiagnosticReport</a></td><td><a href=\"StructureDefinition-DiagnosticReport-LC.html\">DiagnosticReport LC </a>,<br/><a href=\"StructureDefinition-DiagnosticReport-Image.html\">DiagnosticReport Image </a>,<br/></td><td>_id, status, subject, category, code, date</td><td>-</td><td>-</td><td>-</td></tr><tr><td><a href=\"#ImagingStudy\">ImagingStudy</a></td><td><a href=\"StructureDefinition-ImagingStudyBase.html\">ImagingStudyBase</a></td><td>_id, dicom-class, endpoint, identifier, instance, modality, patient, series, started, status, subject</td><td>-</td><td>-</td><td>-</td></tr><tr><td><a href=\"#observation\">Observation</a></td><td><a href=\"StructureDefinition-Observation-Imaging-Result.html\">Observation_ImagingResult </a>,<br/><a href=\"StructureDefinition-Observation-LC-Gross-Finding.html\">GrossFinding </a>,<br/><a href=\"StructureDefinition-Observation-LC-Microscopic-Finding.html\">MicroscopicFinding </a>,<br/><a href=\"StructureDefinition-Observation-LC-Histologic-type.html\">Histologictype </a>,<br/><a href=\"StructureDefinition-Observation-LC-Histologic-pattern.html\">Histologicpattern </a>,<br/><a href=\"StructureDefinition-Observation-LC-Cell-type.html\">Celltype </a>,<br/><a href=\"StructureDefinition-Observation-LC-Resection-margin.html\">Resectionmargin </a>,<br/><a href=\"StructureDefinition-Observation-LC-Non-tumorous-parenchyma.html\">Nontumorousparenchyma </a>,<br/><a href=\"StructureDefinition-Observation-LC-Size-of-invasion-focus.html\">Sizeofinvasionfocus </a>,<br/><a href=\"StructureDefinition-Observation-LC-Angiolymphatic-invasion.html\">Angiolymphaticinvasion </a>,<br/><a href=\"StructureDefinition-Observation-LC-Perineural-invasion.html\">Perineuralinvasion </a>,<br/><a href=\"StructureDefinition-Observation-LC-Pleural-invasion.html\">Pleuralinvasion </a>,<br/><a href=\"StructureDefinition-Observation-LC-STAS.html\">SpreadThroughAirSpaces </a>,<br/><a href=\"StructureDefinition-Observation-LC-Tumor-necrosis.html\">Tumornecrosis </a>,<br/><a href=\"StructureDefinition-Observation-LC-T-category.html\">Tcategory </a>,<br/><a href=\"StructureDefinition-Observation-LC-Lymph-nodes.html\">Lymphnodes </a>,<br/><a href=\"StructureDefinition-Observation-LC-Metastasis.html\">Metastasis </a>,<br/><a href=\"StructureDefinition-Observation-LC-Pathological-staging.html\">Pathologicalstaging </a>,<br/><a href=\"StructureDefinition-Observation-LC-Tumor-grading.html\">Tumorgrading </a>,<br/><a href=\"StructureDefinition-Observation-LC-Ancillary-studies.html\">Ancillarystudies</a></td><td>_id, category, code, date, performer, status, subject</td><td>-</td><td>-</td><td>-</td></tr></tbody></table></ul><h4 id=\"diagnosticReport\" class=\"no_toc\">DiagnosticReport</h4><ul><li>預期的符合性(Conformance Expectation)： <strong>建議應該(SHOULD)</strong></li><li>支援的Profiles： <a href=\"StructureDefinition-DiagnosticReport-LC.html\">DiagnosticReport LC</a><a href=\"StructureDefinition-DiagnosticReport-Image.html\">DiagnosticReport Image</a></li><li><a href=\"https://build.fhir.org/codesystem-reference-handling-policy.html#reference-handling-policy-resolves\">支援的參照政策(Reference policy)</a>： <code>resolves</code>，Server會嘗試將邏輯參照(logical reference)解析為文字參照，意即轉換Reference.identifier為Reference.reference(但如果解析失敗，Server仍然會接收這個resource，請參閱 <code>logical</code>)。</li><li>Profile</li><ul><li><strong>必須(SHALL)</strong>支援 <code>search-type</code>, <code>read</code></li><li><strong>建議應該(SHOULD)</strong>支援 <code>vread</code></li><li><strong>可能可以(MAY)</strong>支援 <code>create</code>, <code>update</code>, <code>patch</code>, <code>delete</code></li></ul><li>查詢參數摘要</li><table class=\"grid\"><thead><tr><th>符合性(Conformance)</th><th>參數</th><th>類型</th><th>範例</th></tr></thead><tbody><tr><td><strong>必須(SHALL)</strong></td><td><a href=\"SearchParameter-DiagnosticReport-id.html\">_id</a></td><td>token</td><td><code class=\"highlighter-rouge\">GET [base]/DiagnosticReport?_id=[id]</code>,<br/><code class=\"highlighter-rouge\">GET [base]/DiagnosticReport/[id]</code></td></tr><tr><td><strong>必須(SHALL)</strong></td><td><a href=\"SearchParameter-DiagnosticReport-status.html\">status</a></td><td>token</td><td><code class=\"highlighter-rouge\">GET [base]/DiagnosticReport?status=[code]</code></td></tr><tr><td><strong>必須(SHALL)</strong></td><td><a href=\"SearchParameter-DiagnosticReport-subject.html\">subject</a></td><td>reference</td><td><code class=\"highlighter-rouge\">GET [base]/DiagnosticReport?subject={Type/}[id]</code></td></tr><tr><td><strong>必須(SHALL)</strong></td><td><a href=\"SearchParameter-DiagnosticReport-category.html\">category</a></td><td>token</td><td><code class=\"highlighter-rouge\">GET [base]/DiagnosticReport?category={system|}[code]</code></td></tr><tr><td><strong>必須(SHALL)</strong></td><td><a href=\"SearchParameter-DiagnosticReport-code.html\">code</a></td><td>token</td><td><code class=\"highlighter-rouge\">GET [base]/DiagnosticReport?code={system|}[code]</code></td></tr><tr><td><strong>必須(SHALL)</strong></td><td><a href=\"SearchParameter-DiagnosticReport-date.html\">date</a></td><td>date</td><td><code class=\"highlighter-rouge\">GET [base]/DiagnosticReport?date={gt|lt|ge|le}[date]</code></td></tr></tbody></table></ul><h4 id=\"ImagingStudy\" class=\"no_toc\">ImagingStudy</h4><ul><li>預期的符合性(Conformance Expectation)： <strong>建議應該(SHOULD)</strong></li><li>支援的Profiles： <a href=\"StructureDefinition-ImagingStudyBase.html\">ImagingStudyBase</a></li><li><a href=\"https://build.fhir.org/codesystem-reference-handling-policy.html#reference-handling-policy-resolves\">支援的參照政策(Reference policy)</a>： <code>resolves</code>，Server會嘗試將邏輯參照(logical reference)解析為文字參照，意即轉換Reference.identifier為Reference.reference(但如果解析失敗，Server仍然會接收這個resource，請參閱 <code>logical</code>)。</li><li>Profile</li><ul><li><strong>必須(SHALL)</strong>支援 <code>search-type</code>, <code>read</code></li><li><strong>建議應該(SHOULD)</strong>支援 <code>vread</code></li><li><strong>可能可以(MAY)</strong>支援 <code>create</code>, <code>update</code>, <code>patch</code>, <code>delete</code></li></ul><li>查詢參數摘要</li><table class=\"grid\"><thead><tr><th>符合性(Conformance)</th><th>參數</th><th>類型</th><th>範例</th></tr></thead><tbody><tr><td><strong>必須(SHALL)</strong></td><td><a href=\"SearchParameter-ImagingStudy-id.html\">_id</a></td><td>token</td><td><code class=\"highlighter-rouge\">GET [base]/ImagingStudy?_id=[id]</code>,<br/><code class=\"highlighter-rouge\">GET [base]/ImagingStudy/[id]</code></td></tr><tr><td><strong>必須(SHALL)</strong></td><td><a href=\"SearchParameter-ImagingStudy-dicom-class.html\">dicom-class</a></td><td>token</td><td><code class=\"highlighter-rouge\">GET [base]/ImagingStudy?dicom-class={system|}[code]</code></td></tr><tr><td><strong>必須(SHALL)</strong></td><td><a href=\"SearchParameter-ImagingStudy-endpoint.html\">endpoint</a></td><td>reference</td><td><code class=\"highlighter-rouge\">GET [base]/ImagingStudy?endpoint={Type/}[id]</code></td></tr><tr><td><strong>必須(SHALL)</strong></td><td><a href=\"SearchParameter-ImagingStudy-identifier.html\">identifier</a></td><td>token</td><td><code class=\"highlighter-rouge\">GET [base]/ImagingStudy?identifier=[identifier]</code></td></tr><tr><td><strong>必須(SHALL)</strong></td><td><a href=\"SearchParameter-ImagingStudy-instance.html\">instance</a></td><td>token</td><td><code class=\"highlighter-rouge\">GET [base]/ImagingStudy?instance=[instance]</code></td></tr><tr><td><strong>必須(SHALL)</strong></td><td><a href=\"SearchParameter-ImagingStudy-modality.html\">modality</a></td><td>token</td><td><code class=\"highlighter-rouge\">GET [base]/ImagingStudy?modality=[modality]</code></td></tr><tr><td><strong>必須(SHALL)</strong></td><td><a href=\"SearchParameter-ImagingStudy-patient.html\">patient</a></td><td>reference</td><td><code class=\"highlighter-rouge\">GET [base]/dicom-class?patient=[code]</code></td></tr><tr><td><strong>必須(SHALL)</strong></td><td><a href=\"SearchParameter-ImagingStudy-series.html\">series</a></td><td>token</td><td><code class=\"highlighter-rouge\">GET [base]/dicom-class?series=[series]</code></td></tr><tr><td><strong>必須(SHALL)</strong></td><td><a href=\"SearchParameter-ImagingStudy-started.html\">started</a></td><td>date</td><td><code class=\"highlighter-rouge\">GET [base]/dicom-class?started=={gt|lt|ge|le}[date]</code></td></tr><tr><td><strong>必須(SHALL)</strong></td><td><a href=\"SearchParameter-ImagingStudy-status.html\">status</a></td><td>token</td><td><code class=\"highlighter-rouge\">GET [base]/dicom-class?status=status=[code]</code></td></tr><tr><td><strong>必須(SHALL)</strong></td><td><a href=\"SearchParameter-ImagingStudy-subject.html\">subject</a></td><td>reference</td><td><code class=\"highlighter-rouge\">GET [base]/dicom-class?subject={Type/}[id]</code></td></tr></tbody></table></ul><h4 id=\"observation\" class=\"no_toc\">Observation</h4><ul><li>預期的符合性(Conformance Expectation)： <strong>建議應該(SHOULD)</strong></li><li>支援的Profiles： <a href=\"StructureDefinition-Observation-Imaging-Result.html\">Observation_ImagingResult </a>, <a href=\"StructureDefinition-Observation-LC-Gross-Finding.html\">GrossFinding </a>,<a href=\"StructureDefinition-Observation-LC-Microscopic-Finding.html\">MicroscopicFinding </a>,<a href=\"StructureDefinition-Observation-LC-Histologic-type.html\">Histologictype </a>,<a href=\"StructureDefinition-Observation-LC-Histologic-pattern.html\">Histologicpattern </a>,<a href=\"StructureDefinition-Observation-LC-Cell-type.html\">Celltype </a>,<a href=\"StructureDefinition-Observation-LC-Resection-margin.html\">Resectionmargin </a>,<a href=\"StructureDefinition-Observation-LC-Non-tumorous-parenchyma.html\">Nontumorousparenchyma </a>,<a href=\"StructureDefinition-Observation-LC-Size-of-invasion-focus.html\">Sizeofinvasionfocus </a>,<a href=\"StructureDefinition-Observation-LC-Angiolymphatic-invasion.html\">Angiolymphaticinvasion </a>,<a href=\"StructureDefinition-Observation-LC-Perineural-invasion.html\">Perineuralinvasion </a>,<a href=\"StructureDefinition-Observation-LC-Pleural-invasion.html\">Pleuralinvasion </a>,<a href=\"StructureDefinition-Observation-LC-STAS.html\">SpreadThroughAirSpaces </a>,<a href=\"StructureDefinition-Observation-LC-Tumor-necrosis.html\">Tumornecrosis </a>,<a href=\"StructureDefinition-Observation-LC-T-category.html\">Tcategory </a>,<a href=\"StructureDefinition-Observation-LC-Lymph-nodes.html\">Lymphnodes </a>,<a href=\"StructureDefinition-Observation-LC-Metastasis.html\">Metastasis </a>,<a href=\"StructureDefinition-Observation-LC-Pathological-staging.html\">Pathologicalstaging </a>,<a href=\"StructureDefinition-Observation-LC-Tumor-grading.html\">Tumorgrading </a>,<a href=\"StructureDefinition-Observation-LC-Ancillary-studies.html\">Ancillarystudies</a></li><li><a href=\"https://build.fhir.org/codesystem-reference-handling-policy.html#reference-handling-policy-resolves\">支援的參照政策(Reference policy)</a>： <code>resolves</code>，Server會嘗試將邏輯參照(logical reference)解析為文字參照，意即轉換Reference.identifier為Reference.reference(但如果解析失敗，Server仍然會接收這個resource，請參閱 <code>logical</code>)。</li><li>Profile</li><ul><li><strong>必須(SHALL)</strong>支援 <code>search-type</code>, <code>read</code></li><li><strong>建議應該(SHOULD)</strong>支援 <code>vread</code></li><li><strong>可能可以(MAY)</strong>支援 <code>create</code>, <code>update</code>, <code>patch</code>, <code>delete</code></li></ul><li>查詢參數摘要</li><table class=\"grid\"><thead><tr><th>符合性(Conformance)</th><th>參數</th><th>類型</th><th>範例</th></tr></thead><tbody><tr><td><strong>必須(SHALL)</strong></td><td><a href=\"SearchParameter-Observation-id.html\">_id</a></td><td>token</td><td><code class=\"highlighter-rouge\">GET [base]/Observation?_id=[id]</code>,<br/><code class=\"highlighter-rouge\">GET [base]/Observation/[id]</code></td></tr><tr><td><strong>必須(SHALL)</strong></td><td><a href=\"SearchParameter-Observation-category.html\">category</a></td><td>token</td><td><code class=\"highlighter-rouge\">GET [base]/Observation?category={system|}[code]</code></td></tr><tr><td><strong>必須(SHALL)</strong></td><td><a href=\"SearchParameter-Observation-code.html\">code</a></td><td>token</td><td><code class=\"highlighter-rouge\">GET [base]/Observation?code={system|}[code]</code></td></tr><tr><td><strong>必須(SHALL)</strong></td><td><a href=\"SearchParameter-Observation-date.html\">date</a></td><td>date</td><td><code class=\"highlighter-rouge\">GET [base]/Observation?date={gt|lt|ge|le}[date]</code></td></tr><tr><td><strong>必須(SHALL)</strong></td><td><a href=\"SearchParameter-Observation-performer.html\">performer</a></td><td>reference</td><td><code class=\"highlighter-rouge\">GET [base]/Observation?performer={Type/}[id]</code></td></tr><tr><td><strong>必須(SHALL)</strong></td><td><a href=\"SearchParameter-Observation-status.html\">status</a></td><td>token</td><td><code class=\"highlighter-rouge\">GET [base]/Observation?status=[code]</code></td></tr><tr><td><strong>必須(SHALL)</strong></td><td><a href=\"SearchParameter-Observation-subject.html\">subject</a></td><td>reference</td><td><code class=\"highlighter-rouge\">GET [base]/Observation?subject={Type/}[id]</code></td></tr></tbody></table></ul></div>"},"url":"http://mitwfhir.dicom.org.tw/fhir/CapabilityStatement/NSCLC-CapabilityStatement-Client","version":"0.1.0","title":"mCODE Data Receiver: Get Patients in Group","status":"draft","experimental":true,"date":"2022-09-07","publisher":"CYLAB","kind":"requirements","fhirVersion":"4.0.1","format":["xml","json"],"rest":[{"mode":"client","documentation":"* 用戶端(Client)必須(**SHALL**) :\n 1.使用伺服端(Server)能力聲明中的查詢參數，支援讀取和查詢一個或多個Profile(s) \n * 安全性\n1. 有關要求和建議，請參閱一般安全注意事項部分。\n * 系統廣泛的互動:\n - 可能可以(**MAY**)支援交易互動( ` transaction ` `interaction`)。 \n - 可能可以(**MAY**)支援批次互動( `batch` `interaction`)。\n - 可能可以(**MAY**)支援查詢系統互動( `search-system` `interaction`)。\n","resource":[{"extension":[{"url":"http://hl7.org/fhir/StructureDefinition/capabilitystatement-expectation","valueCode":"SHALL"}],"type":"Observation","supportedProfile":["http://fhir.tw/fhir/ig/lungcancer/StructureDefinition/Observation-LC-Gross-Finding","http://fhir.tw/fhir/ig/lungcancer/StructureDefinition/Observation-LC-Microscopic-Finding","http://fhir.tw/fhir/ig/lungcancer/StructureDefinition/Observation-LC-Histologi-ctype","http://fhir.tw/fhir/ig/lungcancer/StructureDefinition/Observation-LC-Histologic-pattern","http://fhir.tw/fhir/ig/lungcancer/StructureDefinition/Observation-LC-Resection-margin","http://fhir.tw/fhir/ig/lungcancer/StructureDefinition/Observation-LC-Non-tumorous-parenchyma","http://fhir.tw/fhir/ig/lungcancer/StructureDefinition/Observation-LC-Total-tumor-size","http://fhir.tw/fhir/ig/lungcancer/StructureDefinition/Observation-LC-Size-of-invasionfocus","http://fhir.tw/fhir/ig/lungcancer/StructureDefinition/Observation-LC-Angiolymphatic-invasion","http://fhir.tw/fhir/ig/lungcancer/StructureDefinition/Observation-LC-Perineural-invasion","http://fhir.tw/fhir/ig/lungcancer/StructureDefinition/Observation-LC-Pleural-invasion","http://fhir.tw/fhir/ig/lungcancer/StructureDefinition/Observation-LC-STAS","http://fhir.tw/fhir/ig/lungcancer/StructureDefinition/Observation-LC-Tumor-necrosis","http://fhir.tw/fhir/ig/lungcancer/StructureDefinition/Observation-LC-T-category","http://fhir.tw/fhir/ig/lungcancer/StructureDefinition/Observation-LC-Lymph-odes","http://fhir.tw/fhir/ig/lungcancer/StructureDefinition/Observation-LC-Metastasis","http://fhir.tw/fhir/ig/lungcancer/StructureDefinition/Observation-LC-Pathological-staging","http://fhir.tw/fhir/ig/lungcancer/StructureDefinition/Observation-LC-Tumor-grading","http://fhir.tw/fhir/ig/lungcancer/StructureDefinition/Observation-LC-Ancillary-studies"],"_supportedProfile":[{"extension":[{"url":"http://hl7.org/fhir/StructureDefinition/capabilitystatement-expectation","valueCode":"SHALL"}]},{"extension":[{"url":"http://hl7.org/fhir/StructureDefinition/capabilitystatement-expectation","valueCode":"SHALL"}]},{"extension":[{"url":"http://hl7.org/fhir/StructureDefinition/capabilitystatement-expectation","valueCode":"SHALL"}]},{"extension":[{"url":"http://hl7.org/fhir/StructureDefinition/capabilitystatement-expectation","valueCode":"SHALL"}]},{"extension":[{"url":"http://hl7.org/fhir/StructureDefinition/capabilitystatement-expectation","valueCode":"SHALL"}]},{"extension":[{"url":"http://hl7.org/fhir/StructureDefinition/capabilitystatement-expectation","valueCode":"SHALL"}]},{"extension":[{"url":"http://hl7.org/fhir/StructureDefinition/capabilitystatement-expectation","valueCode":"SHALL"}]},{"extension":[{"url":"http://hl7.org/fhir/StructureDefinition/capabilitystatement-expectation","valueCode":"SHALL"}]},{"extension":[{"url":"http://hl7.org/fhir/StructureDefinition/capabilitystatement-expectation","valueCode":"SHALL"}]},{"extension":[{"url":"http://hl7.org/fhir/StructureDefinition/capabilitystatement-expectation","valueCode":"SHALL"}]},{"extension":[{"url":"http://hl7.org/fhir/StructureDefinition/capabilitystatement-expectation","valueCode":"SHALL"}]},{"extension":[{"url":"http://hl7.org/fhir/StructureDefinition/capabilitystatement-expectation","valueCode":"SHALL"}]},{"extension":[{"url":"http://hl7.org/fhir/StructureDefinition/capabilitystatement-expectation","valueCode":"SHALL"}]},{"extension":[{"url":"http://hl7.org/fhir/StructureDefinition/capabilitystatement-expectation","valueCode":"SHALL"}]},{"extension":[{"url":"http://hl7.org/fhir/StructureDefinition/capabilitystatement-expectation","valueCode":"SHALL"}]},{"extension":[{"url":"http://hl7.org/fhir/StructureDefinition/capabilitystatement-expectation","valueCode":"SHALL"}]},{"extension":[{"url":"http://hl7.org/fhir/StructureDefinition/capabilitystatement-expectation","valueCode":"SHALL"}]},{"extension":[{"url":"http://hl7.org/fhir/StructureDefinition/capabilitystatement-expectation","valueCode":"SHALL"}]},{"extension":[{"url":"http://hl7.org/fhir/StructureDefinition/capabilitystatement-expectation","valueCode":"SHALL"}]}],"interaction":[{"extension":[{"url":"http://hl7.org/fhir/StructureDefinition/capabilitystatement-expectation","valueCode":"SHALL"}],"code":"read"},{"extension":[{"url":"http://hl7.org/fhir/StructureDefinition/capabilitystatement-expectation","valueCode":"SHALL"}],"code":"search-type"}],"searchParam":[{"extension":[{"url":"http://hl7.org/fhir/StructureDefinition/capabilitystatement-expectation","valueCode":"SHALL"}],"name":"_id","definition":"http://fhir.tw/fhir/ig/lungcancer/SearchParameter/Observation-id","type":"token"},{"extension":[{"url":"http://hl7.org/fhir/StructureDefinition/capabilitystatement-expectation","valueCode":"SHALL"}],"name":"category","definition":"http://fhir.tw/fhir/ig/lungcancer/SearchParameter/Observation-category","type":"token"},{"extension":[{"url":"http://hl7.org/fhir/StructureDefinition/capabilitystatement-expectation","valueCode":"SHALL"}],"name":"code","definition":"http://fhir.tw/fhir/ig/lungcancer/SearchParameter/Observation-category","type":"token"},{"extension":[{"url":"http://hl7.org/fhir/StructureDefinition/capabilitystatement-expectation","valueCode":"SHALL"}],"name":"date","definition":"http://fhir.tw/fhir/ig/lungcancer/SearchParameter/Observation-category","type":"date"},{"extension":[{"url":"http://hl7.org/fhir/StructureDefinition/capabilitystatement-expectation","valueCode":"SHALL"}],"name":"performer","definition":"http://fhir.tw/fhir/ig/lungcancer/SearchParameter/Observation-category","type":"reference"},{"extension":[{"url":"http://hl7.org/fhir/StructureDefinition/capabilitystatement-expectation","valueCode":"SHALL"}],"name":"status","definition":"http://fhir.tw/fhir/ig/lungcancer/SearchParameter/Observation-category","type":"token"},{"extension":[{"url":"http://hl7.org/fhir/StructureDefinition/capabilitystatement-expectation","valueCode":"SHALL"}],"name":"subject","definition":"http://fhir.tw/fhir/ig/lungcancer/SearchParameter/Observation-category","type":"reference"}]}]}]}