{"resourceType":"CodeSystem","id":"NASH-Fibrosis-Stage","text":{"status":"generated","div":"<div xmlns=\"http://www.w3.org/1999/xhtml\"><p>This code system <code>http://mitwfhir.dicom.org.tw/fhir/CodeSystem/NASH-Fibrosis-Stage</code> defines the following codes:</p><table class=\"codes\"><tr><td style=\"white-space:nowrap\"><b>Code</b></td><td><b>Display</b></td></tr><tr><td style=\"white-space:nowrap\">0<a name=\"NASH-Fibrosis-Stage-0\"> </a></td><td>None</td></tr><tr><td style=\"white-space:nowrap\">1a<a name=\"NASH-Fibrosis-Stage-1a\"> </a></td><td>Mild, zone 3 perisinusoidal fibrosis (requires trichrome stain for visualization)</td></tr><tr><td style=\"white-space:nowrap\">1b<a name=\"NASH-Fibrosis-Stage-1b\"> </a></td><td>Moderate, zone 3 perisinusoidal fibrosis (readily visulized on H&amp;E stain)</td></tr><tr><td style=\"white-space:nowrap\">1c<a name=\"NASH-Fibrosis-Stage-1c\"> </a></td><td>Portal fibrosis only</td></tr><tr><td style=\"white-space:nowrap\">2<a name=\"NASH-Fibrosis-Stage-2\"> </a></td><td>Zone 3 perisinusoidal AND periportal fibrosis</td></tr><tr><td style=\"white-space:nowrap\">3<a name=\"NASH-Fibrosis-Stage-3\"> </a></td><td>Bridging fibrosis</td></tr><tr><td style=\"white-space:nowrap\">4<a name=\"NASH-Fibrosis-Stage-4\"> </a></td><td>Probable or definite cirrhosis</td></tr></table></div>"},"url":"http://mitwfhir.dicom.org.tw/fhir/CodeSystem/NASH-Fibrosis-Stage","version":"0.1.0","name":"FibrosisStage","title":"NASH-Fibrosis-Stage","status":"active","date":"2023-06-02T19:19:06+08:00","publisher":"CYLAB","description":"NASH-Fibrosis Stage","content":"complete","count":7,"concept":[{"code":"0","display":"None"},{"code":"1a","display":"Mild, zone 3 perisinusoidal fibrosis (requires trichrome stain for visualization)"},{"code":"1b","display":"Moderate, zone 3 perisinusoidal fibrosis (readily visulized on H&E stain)"},{"code":"1c","display":"Portal fibrosis only"},{"code":"2","display":"Zone 3 perisinusoidal AND periportal fibrosis"},{"code":"3","display":"Bridging fibrosis"},{"code":"4","display":"Probable or definite cirrhosis"}]}