{"resourceType":"CodeSystem","id":"AcquisitionModality","text":{"status":"generated","div":"<div xmlns=\"http://www.w3.org/1999/xhtml\"><p>This code system <code>http://mitwfhir.dicom.org.tw/fhir/CodeSystem/AcquisitionModality</code> defines the following codes:</p><table class=\"codes\"><tr><td style=\"white-space:nowrap\"><b>Code</b></td><td><b>Display</b></td></tr><tr><td style=\"white-space:nowrap\">AR<a name=\"AcquisitionModality-AR\"> </a></td><td>Autorefraction</td></tr><tr><td style=\"white-space:nowrap\">BI<a name=\"AcquisitionModality-BI\"> </a></td><td>Biomagnetic Imaging</td></tr><tr><td style=\"white-space:nowrap\">BMD<a name=\"AcquisitionModality-BMD\"> </a></td><td>Bone Mineral Densitometry</td></tr><tr><td style=\"white-space:nowrap\">EPS<a name=\"AcquisitionModality-EPS\"> </a></td><td>Cardiac Electrophysiology</td></tr><tr><td style=\"white-space:nowrap\">CR<a name=\"AcquisitionModality-CR\"> </a></td><td>Computed Radiography</td></tr><tr><td style=\"white-space:nowrap\">CT<a name=\"AcquisitionModality-CT\"> </a></td><td>Computed Tomography</td></tr><tr><td style=\"white-space:nowrap\">DMS<a name=\"AcquisitionModality-DMS\"> </a></td><td>Dermoscopy</td></tr><tr><td style=\"white-space:nowrap\">DG<a name=\"AcquisitionModality-DG\"> </a></td><td>Diaphanography</td></tr><tr><td style=\"white-space:nowrap\">DX<a name=\"AcquisitionModality-DX\"> </a></td><td>Digital Radiography</td></tr><tr><td style=\"white-space:nowrap\">ECG<a name=\"AcquisitionModality-ECG\"> </a></td><td>Electrocardiography</td></tr><tr><td style=\"white-space:nowrap\">EEG<a name=\"AcquisitionModality-EEG\"> </a></td><td>Electroencephalography</td></tr><tr><td style=\"white-space:nowrap\">EMG<a name=\"AcquisitionModality-EMG\"> </a></td><td>Electromyography</td></tr><tr><td style=\"white-space:nowrap\">EOG<a name=\"AcquisitionModality-EOG\"> </a></td><td>Electrooculography</td></tr><tr><td style=\"white-space:nowrap\">ES<a name=\"AcquisitionModality-ES\"> </a></td><td>Endoscopy</td></tr><tr><td style=\"white-space:nowrap\">XC<a name=\"AcquisitionModality-XC\"> </a></td><td>External-camera Photography</td></tr><tr><td style=\"white-space:nowrap\">GM<a name=\"AcquisitionModality-GM\"> </a></td><td>General Microscopy</td></tr><tr><td style=\"white-space:nowrap\">HD<a name=\"AcquisitionModality-HD\"> </a></td><td>Hemodynamic Waveform</td></tr><tr><td style=\"white-space:nowrap\">IO<a name=\"AcquisitionModality-IO\"> </a></td><td>Intra-oral Radiography</td></tr><tr><td style=\"white-space:nowrap\">IVOCT<a name=\"AcquisitionModality-IVOCT\"> </a></td><td>Intravascular Optical Coherence Tomography</td></tr><tr><td style=\"white-space:nowrap\">IVUS<a name=\"AcquisitionModality-IVUS\"> </a></td><td>Intravascular Ultrasound</td></tr><tr><td style=\"white-space:nowrap\">KER<a name=\"AcquisitionModality-KER\"> </a></td><td>Keratometry</td></tr><tr><td style=\"white-space:nowrap\">LS<a name=\"AcquisitionModality-LS\"> </a></td><td>Laser Scan</td></tr><tr><td style=\"white-space:nowrap\">LEN<a name=\"AcquisitionModality-LEN\"> </a></td><td>Lensometry</td></tr><tr><td style=\"white-space:nowrap\">MR<a name=\"AcquisitionModality-MR\"> </a></td><td>Magnetic Resonance</td></tr><tr><td style=\"white-space:nowrap\">MG<a name=\"AcquisitionModality-MG\"> </a></td><td>Mammography</td></tr><tr><td style=\"white-space:nowrap\">NM<a name=\"AcquisitionModality-NM\"> </a></td><td>Nuclear Medicine</td></tr><tr><td style=\"white-space:nowrap\">OAM<a name=\"AcquisitionModality-OAM\"> </a></td><td>Ophthalmic Axial Measurements</td></tr><tr><td style=\"white-space:nowrap\">OPM<a name=\"AcquisitionModality-OPM\"> </a></td><td>Ophthalmic Mapping</td></tr><tr><td style=\"white-space:nowrap\">OP<a name=\"AcquisitionModality-OP\"> </a></td><td>Ophthalmic Photography</td></tr><tr><td style=\"white-space:nowrap\">OPT<a name=\"AcquisitionModality-OPT\"> </a></td><td>Ophthalmic Tomography</td></tr><tr><td style=\"white-space:nowrap\">OPTBSV<a name=\"AcquisitionModality-OPTBSV\"> </a></td><td>Ophthalmic Tomography B-scan Volume Analysis</td></tr><tr><td style=\"white-space:nowrap\">OPTENF<a name=\"AcquisitionModality-OPTENF\"> </a></td><td>Ophthalmic Tomography En Face</td></tr><tr><td style=\"white-space:nowrap\">OPV<a name=\"AcquisitionModality-OPV\"> </a></td><td>Ophthalmic Visual Field</td></tr><tr><td style=\"white-space:nowrap\">OCT<a name=\"AcquisitionModality-OCT\"> </a></td><td>Optical Coherence Tomography</td></tr><tr><td style=\"white-space:nowrap\">OSS<a name=\"AcquisitionModality-OSS\"> </a></td><td>Optical Surface Scanner</td></tr><tr><td style=\"white-space:nowrap\">PX<a name=\"AcquisitionModality-PX\"> </a></td><td>Panoramic X-Ray</td></tr><tr><td style=\"white-space:nowrap\">POS<a name=\"AcquisitionModality-POS\"> </a></td><td>Position Sensor</td></tr><tr><td style=\"white-space:nowrap\">PT<a name=\"AcquisitionModality-PT\"> </a></td><td>Positron emission tomography</td></tr><tr><td style=\"white-space:nowrap\">RF<a name=\"AcquisitionModality-RF\"> </a></td><td>Radiofluoroscopy</td></tr><tr><td style=\"white-space:nowrap\">RG<a name=\"AcquisitionModality-RG\"> </a></td><td>Radiographic imaging</td></tr><tr><td style=\"white-space:nowrap\">RESP<a name=\"AcquisitionModality-RESP\"> </a></td><td>Respiratory Waveform</td></tr><tr><td style=\"white-space:nowrap\">RTIMAGE<a name=\"AcquisitionModality-RTIMAGE\"> </a></td><td>RT Image</td></tr><tr><td style=\"white-space:nowrap\">SM<a name=\"AcquisitionModality-SM\"> </a></td><td>Slide Microscopy</td></tr><tr><td style=\"white-space:nowrap\">SRF<a name=\"AcquisitionModality-SRF\"> </a></td><td>Subjective Refraction</td></tr><tr><td style=\"white-space:nowrap\">TG<a name=\"AcquisitionModality-TG\"> </a></td><td>Thermography</td></tr><tr><td style=\"white-space:nowrap\">US<a name=\"AcquisitionModality-US\"> </a></td><td>Ultrasound</td></tr><tr><td style=\"white-space:nowrap\">BDUS<a name=\"AcquisitionModality-BDUS\"> </a></td><td>Ultrasound Bone Densitometry</td></tr><tr><td style=\"white-space:nowrap\">VA<a name=\"AcquisitionModality-VA\"> </a></td><td>Visual Acuity</td></tr><tr><td style=\"white-space:nowrap\">XA<a name=\"AcquisitionModality-XA\"> </a></td><td>X-Ray Angiography</td></tr></table></div>"},"url":"http://mitwfhir.dicom.org.tw/fhir/CodeSystem/AcquisitionModality","version":"0.1.0","name":"AcquisitionModality","title":"Acquisition Modality","status":"draft","date":"2023-04-19T19:56:19+08:00","publisher":"CYLAB","description":"Acquisition Modality","content":"complete","count":49,"concept":[{"code":"AR","display":"Autorefraction"},{"code":"BI","display":"Biomagnetic Imaging"},{"code":"BMD","display":"Bone Mineral Densitometry"},{"code":"EPS","display":"Cardiac Electrophysiology"},{"code":"CR","display":"Computed Radiography"},{"code":"CT","display":"Computed Tomography"},{"code":"DMS","display":"Dermoscopy"},{"code":"DG","display":"Diaphanography"},{"code":"DX","display":"Digital Radiography"},{"code":"ECG","display":"Electrocardiography"},{"code":"EEG","display":"Electroencephalography"},{"code":"EMG","display":"Electromyography"},{"code":"EOG","display":"Electrooculography"},{"code":"ES","display":"Endoscopy"},{"code":"XC","display":"External-camera Photography"},{"code":"GM","display":"General Microscopy"},{"code":"HD","display":"Hemodynamic Waveform"},{"code":"IO","display":"Intra-oral Radiography"},{"code":"IVOCT","display":"Intravascular Optical Coherence Tomography"},{"code":"IVUS","display":"Intravascular Ultrasound"},{"code":"KER","display":"Keratometry"},{"code":"LS","display":"Laser Scan"},{"code":"LEN","display":"Lensometry"},{"code":"MR","display":"Magnetic Resonance"},{"code":"MG","display":"Mammography"},{"code":"NM","display":"Nuclear Medicine"},{"code":"OAM","display":"Ophthalmic Axial Measurements"},{"code":"OPM","display":"Ophthalmic Mapping"},{"code":"OP","display":"Ophthalmic Photography"},{"code":"OPT","display":"Ophthalmic Tomography"},{"code":"OPTBSV","display":"Ophthalmic Tomography B-scan Volume Analysis"},{"code":"OPTENF","display":"Ophthalmic Tomography En Face"},{"code":"OPV","display":"Ophthalmic Visual Field"},{"code":"OCT","display":"Optical Coherence Tomography"},{"code":"OSS","display":"Optical Surface Scanner"},{"code":"PX","display":"Panoramic X-Ray"},{"code":"POS","display":"Position Sensor"},{"code":"PT","display":"Positron emission tomography"},{"code":"RF","display":"Radiofluoroscopy"},{"code":"RG","display":"Radiographic imaging"},{"code":"RESP","display":"Respiratory Waveform"},{"code":"RTIMAGE","display":"RT Image"},{"code":"SM","display":"Slide Microscopy"},{"code":"SRF","display":"Subjective Refraction"},{"code":"TG","display":"Thermography"},{"code":"US","display":"Ultrasound"},{"code":"BDUS","display":"Ultrasound Bone Densitometry"},{"code":"VA","display":"Visual Acuity"},{"code":"XA","display":"X-Ray Angiography"}]}