{"resourceType":"CodeSystem","id":"NASH-Lobular-Inflammation","text":{"status":"generated","div":"<div xmlns=\"http://www.w3.org/1999/xhtml\"><p>This code system <code>http://mitwfhir.dicom.org.tw/fhir/CodeSystem/NASH-Lobular-Inflammation</code> defines the following codes:</p><table class=\"codes\"><tr><td style=\"white-space:nowrap\"><b>Code</b></td><td><b>Display</b></td></tr><tr><td style=\"white-space:nowrap\">0<a name=\"NASH-Lobular-Inflammation-0\"> </a></td><td>none</td></tr><tr><td style=\"white-space:nowrap\">1<a name=\"NASH-Lobular-Inflammation-1\"> </a></td><td>&lt;2 foci</td></tr><tr><td style=\"white-space:nowrap\">2<a name=\"NASH-Lobular-Inflammation-2\"> </a></td><td>2-4 foci</td></tr><tr><td style=\"white-space:nowrap\">3<a name=\"NASH-Lobular-Inflammation-3\"> </a></td><td>&gt;4 foci</td></tr></table></div>"},"url":"http://mitwfhir.dicom.org.tw/fhir/CodeSystem/NASH-Lobular-Inflammation","version":"0.1.0","name":"LobularInflammation","title":"NASH-Lobular Inflammation","status":"active","date":"2023-06-02T19:19:06+08:00","publisher":"CYLAB","description":"NASH-Lobular Inflammation","content":"complete","count":4,"concept":[{"code":"0","display":"none"},{"code":"1","display":"<2 foci"},{"code":"2","display":"2-4 foci"},{"code":"3","display":">4 foci"}]}