{"resourceType":"CodeSystem","id":"NASH-Intralobular-Degeneration-Necrosis","text":{"status":"generated","div":"<div xmlns=\"http://www.w3.org/1999/xhtml\"><p>This code system <code>http://mitwfhir.dicom.org.tw/fhir/CodeSystem/NASH-Intralobular-Degeneration-Necrosis</code> defines the following codes:</p><table class=\"codes\"><tr><td style=\"white-space:nowrap\"><b>Code</b></td><td><b>Display</b></td></tr><tr><td style=\"white-space:nowrap\">0<a name=\"NASH-Intralobular-Degeneration-Necrosis-0\"> </a></td><td>none</td></tr><tr><td style=\"white-space:nowrap\">1<a name=\"NASH-Intralobular-Degeneration-Necrosis-1\"> </a></td><td>mild (acidophilic bodies, ballooning degeneration and/or scattered foci of hepatocellular necrosis in &lt;1/3 of lobules or nodules)</td></tr><tr><td style=\"white-space:nowrap\">3<a name=\"NASH-Intralobular-Degeneration-Necrosis-3\"> </a></td><td>moderate (involvement of 1/3~2/3 of lobules or nodules)</td></tr><tr><td style=\"white-space:nowrap\">4<a name=\"NASH-Intralobular-Degeneration-Necrosis-4\"> </a></td><td>marked (involvement of &gt;2/3 of lobules or nodules)</td></tr></table></div>"},"url":"http://mitwfhir.dicom.org.tw/fhir/CodeSystem/NASH-Intralobular-Degeneration-Necrosis","version":"0.1.0","name":"IntralobularDegenerationNecrosis","title":"NASH-Intralobular Degeneration/Necrosis","status":"active","date":"2023-07-09T22:38:53+08:00","publisher":"CYLAB","description":"NASH-Intralobular Degeneration/Necrosis","content":"complete","count":4,"concept":[{"code":"0","display":"none"},{"code":"1","display":"mild (acidophilic bodies, ballooning degeneration and/or scattered foci of hepatocellular necrosis in <1/3 of lobules or nodules)"},{"code":"3","display":"moderate (involvement of 1/3~2/3 of lobules or nodules)"},{"code":"4","display":"marked (involvement of >2/3 of lobules or nodules)"}]}