{"resourceType":"CodeSystem","id":"NASH-Knodell","text":{"status":"generated","div":"<div xmlns=\"http://www.w3.org/1999/xhtml\"><p>This code system <code>http://mitwfhir.dicom.org.tw/fhir/CodeSystem/NASH-Knodell</code> defines the following codes:</p><table class=\"codes\"><tr><td style=\"white-space:nowrap\"><b>Code</b></td><td><b>Display</b></td></tr><tr><td style=\"white-space:nowrap\">0<a name=\"NASH-Knodell-0\"> </a></td><td>沒有檢測到病理變化</td></tr><tr><td style=\"white-space:nowrap\">1<a name=\"NASH-Knodell-1\"> </a></td><td>輕度病變，可能有輕微的活動性炎症、輕度纖維化和/或輕度細胞增生</td></tr><tr><td style=\"white-space:nowrap\">2<a name=\"NASH-Knodell-2\"> </a></td><td>輕度病變，可能有輕微的活動性炎症、輕度纖維化和/或輕度細胞增生</td></tr><tr><td style=\"white-space:nowrap\">3<a name=\"NASH-Knodell-3\"> </a></td><td>輕度病變，可能有輕微的活動性炎症、輕度纖維化和/或輕度細胞增生</td></tr><tr><td style=\"white-space:nowrap\">4<a name=\"NASH-Knodell-4\"> </a></td><td>輕度病變，可能有輕微的活動性炎症、輕度纖維化和/或輕度細胞增生</td></tr><tr><td style=\"white-space:nowrap\">5<a name=\"NASH-Knodell-5\"> </a></td><td>中度病變，可能有中度的活動性炎症、中度纖維化和/或中度細胞增生</td></tr><tr><td style=\"white-space:nowrap\">6<a name=\"NASH-Knodell-6\"> </a></td><td>中度病變，可能有中度的活動性炎症、中度纖維化和/或中度細胞增生</td></tr><tr><td style=\"white-space:nowrap\">7<a name=\"NASH-Knodell-7\"> </a></td><td>中度病變，可能有中度的活動性炎症、中度纖維化和/或中度細胞增生</td></tr><tr><td style=\"white-space:nowrap\">8<a name=\"NASH-Knodell-8\"> </a></td><td>中度病變，可能有中度的活動性炎症、中度纖維化和/或中度細胞增生</td></tr><tr><td style=\"white-space:nowrap\">9<a name=\"NASH-Knodell-9\"> </a></td><td>中度至重度病變，可能有中度至重度的活動性炎症、中度至重度纖維化和/或中度至重度細胞增生</td></tr><tr><td style=\"white-space:nowrap\">10<a name=\"NASH-Knodell-10\"> </a></td><td>中度至重度病變，可能有中度至重度的活動性炎症、中度至重度纖維化和/或中度至重度細胞增生</td></tr><tr><td style=\"white-space:nowrap\">11<a name=\"NASH-Knodell-11\"> </a></td><td>中度至重度病變，可能有中度至重度的活動性炎症、中度至重度纖維化和/或中度至重度細胞增生</td></tr><tr><td style=\"white-space:nowrap\">12<a name=\"NASH-Knodell-12\"> </a></td><td>中度至重度病變，可能有中度至重度的活動性炎症、中度至重度纖維化和/或中度至重度細胞增生</td></tr><tr><td style=\"white-space:nowrap\">13<a name=\"NASH-Knodell-13\"> </a></td><td>重度病變，可能有重度的活動性炎症、重度纖維化和/或重度細胞增生</td></tr><tr><td style=\"white-space:nowrap\">14<a name=\"NASH-Knodell-14\"> </a></td><td>重度病變，可能有重度的活動性炎症、重度纖維化和/或重度細胞增生</td></tr><tr><td style=\"white-space:nowrap\">15<a name=\"NASH-Knodell-15\"> </a></td><td>重度病變，可能有重度的活動性炎症、重度纖維化和/或重度細胞增生</td></tr><tr><td style=\"white-space:nowrap\">16<a name=\"NASH-Knodell-16\"> </a></td><td>重度病變，可能有重度的活動性炎症、重度纖維化和/或重度細胞增生</td></tr><tr><td style=\"white-space:nowrap\">17<a name=\"NASH-Knodell-17\"> </a></td><td>重度病變，可能有重度的活動性炎症、重度纖維化和/或重度細胞增生</td></tr><tr><td style=\"white-space:nowrap\">18<a name=\"NASH-Knodell-18\"> </a></td><td>重度病變，可能有重度的活動性炎症、重度纖維化和/或重度細胞增生</td></tr><tr><td style=\"white-space:nowrap\">19<a name=\"NASH-Knodell-19\"> </a></td><td>嚴重病變，可能有極嚴重的活動性炎症、極嚴重纖維化和/或極嚴重細胞增生</td></tr><tr><td style=\"white-space:nowrap\">20<a name=\"NASH-Knodell-20\"> </a></td><td>嚴重病變，可能有極嚴重的活動性炎症、極嚴重纖維化和/或極嚴重細胞增生</td></tr><tr><td style=\"white-space:nowrap\">21<a name=\"NASH-Knodell-21\"> </a></td><td>嚴重病變，可能有極嚴重的活動性炎症、極嚴重纖維化和/或極嚴重細胞增生</td></tr><tr><td style=\"white-space:nowrap\">22<a name=\"NASH-Knodell-22\"> </a></td><td>嚴重病變，可能有極嚴重的活動性炎症、極嚴重纖維化和/或極嚴重細胞增生</td></tr></table></div>"},"url":"http://mitwfhir.dicom.org.tw/fhir/CodeSystem/NASH-Knodell","version":"0.1.0","name":"KnodellScoreSystem","title":"NASH-Knodell score system","status":"active","date":"2023-04-19T19:56:19+08:00","publisher":"CYLAB","description":"NASH-Knodell score system","content":"complete","count":23,"concept":[{"code":"0","display":"沒有檢測到病理變化"},{"code":"1","display":"輕度病變，可能有輕微的活動性炎症、輕度纖維化和/或輕度細胞增生"},{"code":"2","display":"輕度病變，可能有輕微的活動性炎症、輕度纖維化和/或輕度細胞增生"},{"code":"3","display":"輕度病變，可能有輕微的活動性炎症、輕度纖維化和/或輕度細胞增生"},{"code":"4","display":"輕度病變，可能有輕微的活動性炎症、輕度纖維化和/或輕度細胞增生"},{"code":"5","display":"中度病變，可能有中度的活動性炎症、中度纖維化和/或中度細胞增生"},{"code":"6","display":"中度病變，可能有中度的活動性炎症、中度纖維化和/或中度細胞增生"},{"code":"7","display":"中度病變，可能有中度的活動性炎症、中度纖維化和/或中度細胞增生"},{"code":"8","display":"中度病變，可能有中度的活動性炎症、中度纖維化和/或中度細胞增生"},{"code":"9","display":"中度至重度病變，可能有中度至重度的活動性炎症、中度至重度纖維化和/或中度至重度細胞增生"},{"code":"10","display":"中度至重度病變，可能有中度至重度的活動性炎症、中度至重度纖維化和/或中度至重度細胞增生"},{"code":"11","display":"中度至重度病變，可能有中度至重度的活動性炎症、中度至重度纖維化和/或中度至重度細胞增生"},{"code":"12","display":"中度至重度病變，可能有中度至重度的活動性炎症、中度至重度纖維化和/或中度至重度細胞增生"},{"code":"13","display":"重度病變，可能有重度的活動性炎症、重度纖維化和/或重度細胞增生"},{"code":"14","display":"重度病變，可能有重度的活動性炎症、重度纖維化和/或重度細胞增生"},{"code":"15","display":"重度病變，可能有重度的活動性炎症、重度纖維化和/或重度細胞增生"},{"code":"16","display":"重度病變，可能有重度的活動性炎症、重度纖維化和/或重度細胞增生"},{"code":"17","display":"重度病變，可能有重度的活動性炎症、重度纖維化和/或重度細胞增生"},{"code":"18","display":"重度病變，可能有重度的活動性炎症、重度纖維化和/或重度細胞增生"},{"code":"19","display":"嚴重病變，可能有極嚴重的活動性炎症、極嚴重纖維化和/或極嚴重細胞增生"},{"code":"20","display":"嚴重病變，可能有極嚴重的活動性炎症、極嚴重纖維化和/或極嚴重細胞增生"},{"code":"21","display":"嚴重病變，可能有極嚴重的活動性炎症、極嚴重纖維化和/或極嚴重細胞增生"},{"code":"22","display":"嚴重病變，可能有極嚴重的活動性炎症、極嚴重纖維化和/或極嚴重細胞增生"}]}