{"resourceType":"CodeSystem","id":"NSCLC-Grading","text":{"status":"generated","div":"<div xmlns=\"http://www.w3.org/1999/xhtml\"><p>This code system <code>http://mitwfhir.dicom.org.tw/fhir/CodeSystem/NSCLC-Grading</code> defines the following codes:</p><table class=\"codes\"><tr><td style=\"white-space:nowrap\"><b>Code</b></td><td><b>Display</b></td><td><b>Definition</b></td></tr><tr><td style=\"white-space:nowrap\">G1<a name=\"NSCLC-Grading-G1\"> </a></td><td>Grade group 1</td><td>Well differentiated</td></tr><tr><td style=\"white-space:nowrap\">G2<a name=\"NSCLC-Grading-G2\"> </a></td><td>Grade group 2</td><td>Moderately differentiated</td></tr><tr><td style=\"white-space:nowrap\">G3<a name=\"NSCLC-Grading-G3\"> </a></td><td>Grade group 3</td><td>Poorly differentiated</td></tr><tr><td style=\"white-space:nowrap\">G4<a name=\"NSCLC-Grading-G4\"> </a></td><td>Grade group 4</td><td>Undifferentiated</td></tr><tr><td style=\"white-space:nowrap\">GX<a name=\"NSCLC-Grading-GX\"> </a></td><td>Cannot be assessed</td><td>Cannot be assessed</td></tr><tr><td style=\"white-space:nowrap\">GN<a name=\"NSCLC-Grading-GN\"> </a></td><td>Not applicable</td><td>Not applicable.</td></tr></table></div>"},"url":"http://mitwfhir.dicom.org.tw/fhir/CodeSystem/NSCLC-Grading","version":"0.1.0","name":"NonSmallCellLungCancerGradeCodes","title":"NSCLC-WHO GRADE","status":"active","date":"2023-03-08T20:44:42+08:00","publisher":"CYLAB","description":"NSCLC-WHO GRADE","content":"complete","count":6,"concept":[{"code":"G1","display":"Grade group 1","definition":"Well differentiated"},{"code":"G2","display":"Grade group 2","definition":"Moderately differentiated"},{"code":"G3","display":"Grade group 3","definition":"Poorly differentiated"},{"code":"G4","display":"Grade group 4","definition":"Undifferentiated"},{"code":"GX","display":"Cannot be assessed","definition":"Cannot be assessed"},{"code":"GN","display":"Not applicable","definition":"Not applicable."}]}