{"resourceType":"CodeSystem","id":"NASH-Steatosis","text":{"status":"generated","div":"<div xmlns=\"http://www.w3.org/1999/xhtml\"><p>This code system <code>http://mitwfhir.dicom.org.tw/fhir/CodeSystem/NASH-Steatosis</code> defines the following codes:</p><table class=\"codes\"><tr><td style=\"white-space:nowrap\"><b>Code</b></td><td><b>Display</b></td></tr><tr><td style=\"white-space:nowrap\">0<a name=\"NASH-Steatosis-0\"> </a></td><td>&lt;5%</td></tr><tr><td style=\"white-space:nowrap\">1<a name=\"NASH-Steatosis-1\"> </a></td><td>5%-33%</td></tr><tr><td style=\"white-space:nowrap\">2<a name=\"NASH-Steatosis-2\"> </a></td><td>&gt;33%-66%</td></tr><tr><td style=\"white-space:nowrap\">3<a name=\"NASH-Steatosis-3\"> </a></td><td>&gt;66%</td></tr></table></div>"},"url":"http://mitwfhir.dicom.org.tw/fhir/CodeSystem/NASH-Steatosis","version":"0.1.0","name":"Steatosis","title":"NASH-Steatosis","status":"active","date":"2023-03-08T20:44:42+08:00","publisher":"CYLAB","description":"NASH-Steatosis","content":"complete","count":4,"concept":[{"code":"0","display":"<5%"},{"code":"1","display":"5%-33%"},{"code":"2","display":">33%-66%"},{"code":"3","display":">66%"}]}