{"resourceType":"CodeSystem","id":"NASH-Necroinflammatory-Grading","text":{"status":"generated","div":"<div xmlns=\"http://www.w3.org/1999/xhtml\"><p>This code system <code>http://mitwfhir.dicom.org.tw/fhir/CodeSystem/NASH-Necroinflammatory-Grading</code> defines the following codes:</p><table class=\"codes\"><tr><td style=\"white-space:nowrap\"><b>Code</b></td><td><b>Display</b></td><td><b>Definition</b></td></tr><tr><td style=\"white-space:nowrap\">1<a name=\"NASH-Necroinflammatory-Grading-1\"> </a></td><td>Grade 1 (mild)</td><td>Steatosis (mainly macrovesicular) involving up to 66% of lobules; occasional balloned perivenular hepatocytes; scattered neutrophils with or without lymphocytes; no or mild chronic portal inflammation.</td></tr><tr><td style=\"white-space:nowrap\">2<a name=\"NASH-Necroinflammatory-Grading-2\"> </a></td><td>Grade 2 (moderate)</td><td>Steatosis of any degree; obvious ballooning (mainly perivenular); intralobular neutrophils, may be associated with perivenular pericellular fibrosis if evident; mild to moderate portal and intralobular chronic inflammation.</td></tr><tr><td style=\"white-space:nowrap\">3<a name=\"NASH-Necroinflammatory-Grading-3\"> </a></td><td>Grade 3 (severe)</td><td>Panlobular steatosis; obvious perivenular ballooning and disarray; marked lobular inflammation; neutrophils may be concentrated in perivenular areas of ballooning and in areas of pericellular fibrosis if evident. Portal inflammation mild or moderate.</td></tr></table></div>"},"url":"http://mitwfhir.dicom.org.tw/fhir/CodeSystem/NASH-Necroinflammatory-Grading","version":"0.1.0","name":"NecroinflammatoryGrading","title":"NASH-Necroinflammatory Grading","status":"active","date":"2023-04-19T19:56:19+08:00","publisher":"CYLAB","description":"NASH-NecroinflammatoryGrading","content":"complete","count":3,"concept":[{"code":"1","display":"Grade 1 (mild)","definition":"Steatosis (mainly macrovesicular) involving up to 66% of lobules; occasional balloned perivenular hepatocytes; scattered neutrophils with or without lymphocytes; no or mild chronic portal inflammation."},{"code":"2","display":"Grade 2 (moderate)","definition":"Steatosis of any degree; obvious ballooning (mainly perivenular); intralobular neutrophils, may be associated with perivenular pericellular fibrosis if evident; mild to moderate portal and intralobular chronic inflammation."},{"code":"3","display":"Grade 3 (severe)","definition":"Panlobular steatosis; obvious perivenular ballooning and disarray; marked lobular inflammation; neutrophils may be concentrated in perivenular areas of ballooning and in areas of pericellular fibrosis if evident. Portal inflammation mild or moderate."}]}