{"resourceType":"CodeSystem","id":"NSCLC-Invasion","text":{"status":"generated","div":"<div xmlns=\"http://www.w3.org/1999/xhtml\"><p>This code system <code>http://mitwfhir.dicom.org.tw/fhir/CodeSystem/NSCLC-Invasion</code> defines the following codes:</p><table class=\"codes\"><tr><td style=\"white-space:nowrap\"><b>Code</b></td><td><b>Display</b></td></tr><tr><td style=\"white-space:nowrap\">0<a name=\"NSCLC-Invasion-0\"> </a></td><td>Absent</td></tr><tr><td style=\"white-space:nowrap\">1<a name=\"NSCLC-Invasion-1\"> </a></td><td>Present</td></tr><tr><td style=\"white-space:nowrap\">8<a name=\"NSCLC-Invasion-8\"> </a></td><td>Cannot be determined</td></tr></table></div>"},"url":"http://mitwfhir.dicom.org.tw/fhir/CodeSystem/NSCLC-Invasion","version":"0.1.0","name":"Invasion","title":"NSCLC-Invasion","status":"active","date":"2023-04-19T19:56:19+08:00","publisher":"CYLAB","description":"NSCLC-Invasion","content":"complete","count":3,"concept":[{"code":"0","display":"Absent"},{"code":"1","display":"Present"},{"code":"8","display":"Cannot be determined"}]}