{"resourceType":"CodeSystem","id":"NASH-Variables","text":{"status":"generated","div":"<div xmlns=\"http://www.w3.org/1999/xhtml\"><p>This code system <code>http://mitwfhir.dicom.org.tw/fhir/CodeSystem/NASH-Variables</code> defines the following codes:</p><table class=\"codes\"><tr><td style=\"white-space:nowrap\"><b>Code</b></td><td><b>Display</b></td></tr><tr><td style=\"white-space:nowrap\">1<a name=\"NASH-Variables-1\"> </a></td><td>Necroinflammatory grading</td></tr><tr><td style=\"white-space:nowrap\">2<a name=\"NASH-Variables-2\"> </a></td><td>Fibrosis staging</td></tr><tr><td style=\"white-space:nowrap\">3<a name=\"NASH-Variables-3\"> </a></td><td>Steatosis</td></tr><tr><td style=\"white-space:nowrap\">4<a name=\"NASH-Variables-4\"> </a></td><td>Lobular inflammation</td></tr><tr><td style=\"white-space:nowrap\">5<a name=\"NASH-Variables-5\"> </a></td><td>Ballooning</td></tr><tr><td style=\"white-space:nowrap\">6<a name=\"NASH-Variables-6\"> </a></td><td>Fibrosis stage</td></tr><tr><td style=\"white-space:nowrap\">7<a name=\"NASH-Variables-7\"> </a></td><td>Knodell score system</td></tr><tr><td style=\"white-space:nowrap\">8<a name=\"NASH-Variables-8\"> </a></td><td>Periportal/bridging necrosis</td></tr><tr><td style=\"white-space:nowrap\">9<a name=\"NASH-Variables-9\"> </a></td><td>Intralobular degeneration/necrosis</td></tr><tr><td style=\"white-space:nowrap\">10<a name=\"NASH-Variables-10\"> </a></td><td>Portal inflammation</td></tr><tr><td style=\"white-space:nowrap\">11<a name=\"NASH-Variables-11\"> </a></td><td>Fibrosis</td></tr></table></div>"},"url":"http://mitwfhir.dicom.org.tw/fhir/CodeSystem/NASH-Variables","version":"0.1.0","name":"NASHVariables","title":"NASH_variables","status":"active","date":"2023-06-02T19:19:06+08:00","publisher":"CYLAB","description":"NASH_variables","content":"complete","count":11,"concept":[{"code":"1","display":"Necroinflammatory grading"},{"code":"2","display":"Fibrosis staging"},{"code":"3","display":"Steatosis"},{"code":"4","display":"Lobular inflammation"},{"code":"5","display":"Ballooning"},{"code":"6","display":"Fibrosis stage"},{"code":"7","display":"Knodell score system"},{"code":"8","display":"Periportal/bridging necrosis"},{"code":"9","display":"Intralobular degeneration/necrosis"},{"code":"10","display":"Portal inflammation"},{"code":"11","display":"Fibrosis"}]}