{"resourceType":"CodeSystem","id":"NASH-Ballooning","text":{"status":"generated","div":"<div xmlns=\"http://www.w3.org/1999/xhtml\"><p>This code system <code>http://mitwfhir.dicom.org.tw/fhir/CodeSystem/NASH-Ballooning</code> defines the following codes:</p><table class=\"codes\"><tr><td style=\"white-space:nowrap\"><b>Code</b></td><td><b>Display</b></td></tr><tr><td style=\"white-space:nowrap\">0<a name=\"NASH-Ballooning-0\"> </a></td><td>none</td></tr><tr><td style=\"white-space:nowrap\">1<a name=\"NASH-Ballooning-1\"> </a></td><td>few</td></tr><tr><td style=\"white-space:nowrap\">2<a name=\"NASH-Ballooning-2\"> </a></td><td>many</td></tr></table></div>"},"url":"http://mitwfhir.dicom.org.tw/fhir/CodeSystem/NASH-Ballooning","version":"0.1.0","name":"Ballooning","title":"NASH-Ballooning","status":"active","date":"2023-06-02T19:19:06+08:00","publisher":"CYLAB","description":"NASH-Ballooning","content":"complete","count":3,"concept":[{"code":"0","display":"none"},{"code":"1","display":"few"},{"code":"2","display":"many"}]}