{"resourceType":"CodeSystem","id":"NASH-Fibrosis","text":{"status":"generated","div":"<div xmlns=\"http://www.w3.org/1999/xhtml\"><p>This code system <code>http://mitwfhir.dicom.org.tw/fhir/CodeSystem/NASH-Fibrosis</code> defines the following codes:</p><table class=\"codes\"><tr><td style=\"white-space:nowrap\"><b>Code</b></td><td><b>Display</b></td></tr><tr><td style=\"white-space:nowrap\">0<a name=\"NASH-Fibrosis-0\"> </a></td><td>no fibrosis</td></tr><tr><td style=\"white-space:nowrap\">1<a name=\"NASH-Fibrosis-1\"> </a></td><td>fibrous portal expansion</td></tr><tr><td style=\"white-space:nowrap\">3<a name=\"NASH-Fibrosis-3\"> </a></td><td>bridging fibrosis (portal-portal or portal or portal-central linkage)</td></tr><tr><td style=\"white-space:nowrap\">4<a name=\"NASH-Fibrosis-4\"> </a></td><td>Bridging fibrosis</td></tr></table></div>"},"url":"http://mitwfhir.dicom.org.tw/fhir/CodeSystem/NASH-Fibrosis","version":"0.1.0","name":"Fibrosis","title":"NASH-Fibrosis","status":"active","date":"2023-04-19T19:56:19+08:00","publisher":"CYLAB","description":"NASH-Score Fibrosis","content":"complete","count":4,"concept":[{"code":"0","display":"no fibrosis"},{"code":"1","display":"fibrous portal expansion"},{"code":"3","display":"bridging fibrosis (portal-portal or portal or portal-central linkage)"},{"code":"4","display":"Bridging fibrosis"}]}