{"resourceType":"CodeSystem","id":"NASH-Stage","text":{"status":"generated","div":"<div xmlns=\"http://www.w3.org/1999/xhtml\"><p>This code system <code>http://mitwfhir.dicom.org.tw/fhir/CodeSystem/NASH-Stage</code> defines the following codes:</p><table class=\"codes\"><tr><td style=\"white-space:nowrap\"><b>Code</b></td><td><b>Definition</b></td></tr><tr><td style=\"white-space:nowrap\">0<a name=\"NASH-Stage-0\"> </a></td><td>None</td></tr><tr><td style=\"white-space:nowrap\">1a<a name=\"NASH-Stage-1a\"> </a></td><td> Mild, zone 3 perisinusoidal fibrosis (requires trichrome stain for visualization)</td></tr><tr><td style=\"white-space:nowrap\">1b<a name=\"NASH-Stage-1b\"> </a></td><td>Moderate, zone 3 perisinusoidal fibrosis (readily visulized on H&amp;E stain)</td></tr><tr><td style=\"white-space:nowrap\">1c<a name=\"NASH-Stage-1c\"> </a></td><td>Portal fibrosis only</td></tr><tr><td style=\"white-space:nowrap\">2<a name=\"NASH-Stage-2\"> </a></td><td>Zone 3 perisinusoidal AND periportal fibrosis</td></tr><tr><td style=\"white-space:nowrap\">3<a name=\"NASH-Stage-3\"> </a></td><td>Bridging fibrosis</td></tr><tr><td style=\"white-space:nowrap\">4<a name=\"NASH-Stage-4\"> </a></td><td>Probable or definite cirrhosis</td></tr></table></div>"},"url":"http://mitwfhir.dicom.org.tw/fhir/CodeSystem/NASH-Stage","version":"0.1.0","name":"Stage","title":"NASH-Stage","status":"active","date":"2023-04-19T19:56:19+08:00","publisher":"CYLAB","description":"NASH-Stage","content":"complete","count":7,"concept":[{"code":"0","display":"0","definition":"None"},{"code":"1a","display":"1a","definition":" Mild, zone 3 perisinusoidal fibrosis (requires trichrome stain for visualization)"},{"code":"1b","display":"1b","definition":"Moderate, zone 3 perisinusoidal fibrosis (readily visulized on H&E stain)"},{"code":"1c","display":"1c","definition":"Portal fibrosis only"},{"code":"2","display":"2","definition":"Zone 3 perisinusoidal AND periportal fibrosis"},{"code":"3","display":"3","definition":"Bridging fibrosis"},{"code":"4","display":"4","definition":"Probable or definite cirrhosis"}]}