{"resourceType":"CodeSystem","id":"NASH-Periportal-Bridging-Necrosis","text":{"status":"generated","div":"<div xmlns=\"http://www.w3.org/1999/xhtml\"><p>This code system <code>http://mitwfhir.dicom.org.tw/fhir/CodeSystem/NASH-Periportal-Bridging-Necrosis</code> defines the following codes:</p><table class=\"codes\"><tr><td style=\"white-space:nowrap\"><b>Code</b></td><td><b>Display</b></td></tr><tr><td style=\"white-space:nowrap\">0<a name=\"NASH-Periportal-Bridging-Necrosis-0\"> </a></td><td>none</td></tr><tr><td style=\"white-space:nowrap\">1<a name=\"NASH-Periportal-Bridging-Necrosis-1\"> </a></td><td>mild piecemeal necrosis</td></tr><tr><td style=\"white-space:nowrap\">3<a name=\"NASH-Periportal-Bridging-Necrosis-3\"> </a></td><td>moderate piecemeal necrosis (&lt;50% circumference of most portal tracts)</td></tr><tr><td style=\"white-space:nowrap\">4<a name=\"NASH-Periportal-Bridging-Necrosis-4\"> </a></td><td>marked piecemeal necrosis (&gt;50% circumference of most portal tracts)</td></tr><tr><td style=\"white-space:nowrap\">5<a name=\"NASH-Periportal-Bridging-Necrosis-5\"> </a></td><td>moderate piecemeal necrosis plus bridging necrosis</td></tr><tr><td style=\"white-space:nowrap\">6<a name=\"NASH-Periportal-Bridging-Necrosis-6\"> </a></td><td>marked piecemeal necrosis plus bridging necrosis</td></tr><tr><td style=\"white-space:nowrap\">10<a name=\"NASH-Periportal-Bridging-Necrosis-10\"> </a></td><td>multilobular necrosis</td></tr></table></div>"},"url":"http://mitwfhir.dicom.org.tw/fhir/CodeSystem/NASH-Periportal-Bridging-Necrosis","version":"0.1.0","name":"PeriportalBridgingNecrosis","title":"NASH-Periportal/Bridging Necrosis","status":"active","date":"2023-07-09T22:38:53+08:00","publisher":"CYLAB","description":"NASH-Periportal/Bridging Necrosis","content":"complete","count":7,"concept":[{"code":"0","display":"none"},{"code":"1","display":"mild piecemeal necrosis"},{"code":"3","display":"moderate piecemeal necrosis (<50% circumference of most portal tracts)"},{"code":"4","display":"marked piecemeal necrosis (>50% circumference of most portal tracts)"},{"code":"5","display":"moderate piecemeal necrosis plus bridging necrosis"},{"code":"6","display":"marked piecemeal necrosis plus bridging necrosis"},{"code":"10","display":"multilobular necrosis"}]}