{"resourceType":"CodeSystem","id":"NSCLC-MicroscopicFinding","text":{"status":"generated","div":"<div xmlns=\"http://www.w3.org/1999/xhtml\"><p>This code system <code>http://mitwfhir.dicom.org.tw/fhir/CodeSystem/NSCLC-MicroscopicFinding</code> defines the following codes:</p><table class=\"codes\"><tr><td style=\"white-space:nowrap\"><b>Code</b></td><td><b>Display</b></td></tr><tr><td style=\"white-space:nowrap\">STAS<a name=\"NSCLC-MicroscopicFinding-STAS\"> </a></td><td>Spread Through Air Spaces(STAS)</td></tr><tr><td style=\"white-space:nowrap\">Pleural-invasion<a name=\"NSCLC-MicroscopicFinding-Pleural-invasion\"> </a></td><td>Pleural invasion</td></tr><tr><td style=\"white-space:nowrap\">Treatment-Effect<a name=\"NSCLC-MicroscopicFinding-Treatment-Effect\"> </a></td><td>Treatment Effect</td></tr><tr><td style=\"white-space:nowrap\">Ancillary<a name=\"NSCLC-MicroscopicFinding-Ancillary\"> </a></td><td>Ancillary studies</td></tr></table></div>"},"url":"http://mitwfhir.dicom.org.tw/fhir/CodeSystem/NSCLC-MicroscopicFinding","version":"0.1.0","name":"MicroscopicFinding","title":"NSCLC-MicroscopicFinding","status":"active","date":"2023-06-02T19:19:06+08:00","publisher":"CYLAB","description":"NSCLC-MicroscopicFinding","content":"complete","count":4,"concept":[{"code":"STAS","display":"Spread Through Air Spaces(STAS)"},{"code":"Pleural-invasion","display":"Pleural invasion"},{"code":"Treatment-Effect","display":"Treatment Effect"},{"code":"Ancillary","display":"Ancillary studies"}]}