{"resourceType":"CodeSystem","id":"NSCLC-Histologic-pattern","text":{"status":"generated","div":"<div xmlns=\"http://www.w3.org/1999/xhtml\"><p>This code system <code>http://mitwfhir.dicom.org.tw/fhir/CodeSystem/NSCLC-Histologic-pattern</code> defines the following codes:</p><table class=\"codes\"><tr><td style=\"white-space:nowrap\"><b>Code</b></td></tr><tr><td style=\"white-space:nowrap\">lepidic<a name=\"NSCLC-Histologic-pattern-lepidic\"> </a></td></tr><tr><td style=\"white-space:nowrap\">acinar<a name=\"NSCLC-Histologic-pattern-acinar\"> </a></td></tr><tr><td style=\"white-space:nowrap\">papillary<a name=\"NSCLC-Histologic-pattern-papillary\"> </a></td></tr><tr><td style=\"white-space:nowrap\">micropapillary<a name=\"NSCLC-Histologic-pattern-micropapillary\"> </a></td></tr><tr><td style=\"white-space:nowrap\">solid<a name=\"NSCLC-Histologic-pattern-solid\"> </a></td></tr></table></div>"},"url":"http://mitwfhir.dicom.org.tw/fhir/CodeSystem/NSCLC-Histologic-pattern","version":"0.1.0","name":"HistologicPattern","title":"NSCLC-Histologic-pattern","status":"active","date":"2023-07-09T22:38:53+08:00","publisher":"CYLAB","description":"NSCLC-Invasion","content":"complete","count":5,"concept":[{"code":"lepidic","display":"lepidic"},{"code":"acinar","display":"acinar"},{"code":"papillary","display":"papillary"},{"code":"micropapillary","display":"micropapillary"},{"code":"solid","display":"solid"}]}