{"resourceType":"CodeSystem","id":"NSCLC-pT","text":{"status":"generated","div":"<div xmlns=\"http://www.w3.org/1999/xhtml\"><p>This code system <code>http://mitwfhir.dicom.org.tw/fhir/CodeSystem/NSCLC-pT</code> defines the following codes:</p><table class=\"codes\"><tr><td style=\"white-space:nowrap\"><b>Code</b></td><td><b>Display</b></td></tr><tr><td style=\"white-space:nowrap\">TX<a name=\"NSCLC-pT-TX\"> </a></td><td>pTX</td></tr><tr><td style=\"white-space:nowrap\">T0<a name=\"NSCLC-pT-T0\"> </a></td><td>pT0</td></tr><tr><td style=\"white-space:nowrap\">Tis<a name=\"NSCLC-pT-Tis\"> </a></td><td>pTis</td></tr><tr><td style=\"white-space:nowrap\">T1<a name=\"NSCLC-pT-T1\"> </a></td><td>pT1</td></tr><tr><td style=\"white-space:nowrap\">T1mi<a name=\"NSCLC-pT-T1mi\"> </a></td><td>pT1mi</td></tr><tr><td style=\"white-space:nowrap\">T1a<a name=\"NSCLC-pT-T1a\"> </a></td><td>pT1a</td></tr><tr><td style=\"white-space:nowrap\">T1b<a name=\"NSCLC-pT-T1b\"> </a></td><td>pT1b</td></tr><tr><td style=\"white-space:nowrap\">T1c<a name=\"NSCLC-pT-T1c\"> </a></td><td>pT1c</td></tr><tr><td style=\"white-space:nowrap\">T2<a name=\"NSCLC-pT-T2\"> </a></td><td>pT2</td></tr><tr><td style=\"white-space:nowrap\">T2a<a name=\"NSCLC-pT-T2a\"> </a></td><td>pT2a</td></tr><tr><td style=\"white-space:nowrap\">T2b<a name=\"NSCLC-pT-T2b\"> </a></td><td>pT2b</td></tr><tr><td style=\"white-space:nowrap\">T3<a name=\"NSCLC-pT-T3\"> </a></td><td>pT3</td></tr><tr><td style=\"white-space:nowrap\">T4<a name=\"NSCLC-pT-T4\"> </a></td><td>pT4</td></tr></table></div>"},"url":"http://mitwfhir.dicom.org.tw/fhir/CodeSystem/NSCLC-pT","version":"0.1.0","name":"NonSmallCellLungCancerpTCodes","title":"NSCLC-pT","status":"active","date":"2023-04-19T19:56:19+08:00","publisher":"CYLAB","description":"NSCLC-pT","content":"complete","count":13,"concept":[{"code":"TX","display":"pTX"},{"code":"T0","display":"pT0"},{"code":"Tis","display":"pTis"},{"code":"T1","display":"pT1"},{"code":"T1mi","display":"pT1mi"},{"code":"T1a","display":"pT1a"},{"code":"T1b","display":"pT1b"},{"code":"T1c","display":"pT1c"},{"code":"T2","display":"pT2"},{"code":"T2a","display":"pT2a"},{"code":"T2b","display":"pT2b"},{"code":"T3","display":"pT3"},{"code":"T4","display":"pT4"}]}