{"resourceType":"CodeSystem","id":"ICD-10-procedurecode","text":{"status":"generated","div":"<div xmlns=\"http://www.w3.org/1999/xhtml\"><p>This code system <code>http://mitwfhir.dicom.org.tw/fhir/CodeSystem/ICD-10-procedurecode</code> defines the following codes:</p><table class=\"codes\"><tr><td style=\"white-space:nowrap\"><b>Code</b></td><td><b>Display</b></td></tr><tr><td style=\"white-space:nowrap\">BW24ZZZ<a name=\"ICD-10-procedurecode-BW24ZZZ\"> </a></td><td>Computerized Tomography (CT Scan) of Chest and Abdomen</td></tr></table></div>"},"url":"http://mitwfhir.dicom.org.tw/fhir/CodeSystem/ICD-10-procedurecode","version":"0.1.0","name":"ProcedureCode","title":"ICD-10 PCS","status":"draft","date":"2023-03-08T20:44:42+08:00","publisher":"CYLAB","description":"ICD-10-Procedure Code","content":"complete","count":1,"concept":[{"code":"BW24ZZZ","display":"Computerized Tomography (CT Scan) of Chest and Abdomen"}]}