{"resourceType":"CodeSystem","id":"NASH-Fibrosis-Staging","text":{"status":"generated","div":"<div xmlns=\"http://www.w3.org/1999/xhtml\"><p>This code system <code>http://mitwfhir.dicom.org.tw/fhir/CodeSystem/NASH-Fibrosis-Staging</code> defines the following codes:</p><table class=\"codes\"><tr><td style=\"white-space:nowrap\"><b>Code</b></td><td><b>Display</b></td><td><b>Definition</b></td></tr><tr><td style=\"white-space:nowrap\">1<a name=\"NASH-Fibrosis-Staging-1\"> </a></td><td>Stage 1</td><td>Pericellular fibrosis in perivenular areas, focal.</td></tr><tr><td style=\"white-space:nowrap\">2<a name=\"NASH-Fibrosis-Staging-2\"> </a></td><td>Stage 2</td><td>As above, plus focal or extensive periportal fibrosis.</td></tr><tr><td style=\"white-space:nowrap\">3<a name=\"NASH-Fibrosis-Staging-3\"> </a></td><td>Stage 3</td><td>Bridging fibrosis, focal or extensive.</td></tr><tr><td style=\"white-space:nowrap\">4<a name=\"NASH-Fibrosis-Staging-4\"> </a></td><td>Stage 4</td><td>Cirrhosis</td></tr></table></div>"},"url":"http://mitwfhir.dicom.org.tw/fhir/CodeSystem/NASH-Fibrosis-Staging","version":"0.1.0","name":"FibrosisStaging","title":"NASH-Fibrosis Staging","status":"active","date":"2023-06-02T19:19:06+08:00","publisher":"CYLAB","description":"NASH-Fibrosis Staging","content":"complete","count":4,"concept":[{"code":"1","display":"Stage 1","definition":"Pericellular fibrosis in perivenular areas, focal."},{"code":"2","display":"Stage 2","definition":"As above, plus focal or extensive periportal fibrosis."},{"code":"3","display":"Stage 3","definition":"Bridging fibrosis, focal or extensive."},{"code":"4","display":"Stage 4","definition":"Cirrhosis"}]}