{"resourceType":"CodeSystem","id":"NSCLC-pTNM","text":{"status":"generated","div":"<div xmlns=\"http://www.w3.org/1999/xhtml\"><p>This code system <code>http://mitwfhir.dicom.org.tw/fhir/CodeSystem/NSCLC-pTNM</code> defines the following codes:</p><table class=\"codes\"><tr><td style=\"white-space:nowrap\"><b>Code</b></td><td><b>Display</b></td></tr><tr><td style=\"white-space:nowrap\">0<a name=\"NSCLC-pTNM-0\"> </a></td><td>0</td></tr><tr><td style=\"white-space:nowrap\">IA1<a name=\"NSCLC-pTNM-IA1\"> </a></td><td>Stage IA1</td></tr><tr><td style=\"white-space:nowrap\">IA2<a name=\"NSCLC-pTNM-IA2\"> </a></td><td>Stage IA2</td></tr><tr><td style=\"white-space:nowrap\">IA3<a name=\"NSCLC-pTNM-IA3\"> </a></td><td>Stage IA3</td></tr><tr><td style=\"white-space:nowrap\">IB<a name=\"NSCLC-pTNM-IB\"> </a></td><td>Stage IB</td></tr><tr><td style=\"white-space:nowrap\">IIA<a name=\"NSCLC-pTNM-IIA\"> </a></td><td>Stage IIA</td></tr><tr><td style=\"white-space:nowrap\">IIB<a name=\"NSCLC-pTNM-IIB\"> </a></td><td>Stage IIB</td></tr><tr><td style=\"white-space:nowrap\">IIIA<a name=\"NSCLC-pTNM-IIIA\"> </a></td><td>Stage IIIA</td></tr><tr><td style=\"white-space:nowrap\">IIIB<a name=\"NSCLC-pTNM-IIIB\"> </a></td><td>Stage IIIB</td></tr><tr><td style=\"white-space:nowrap\">IIIC<a name=\"NSCLC-pTNM-IIIC\"> </a></td><td>Stage IIIC</td></tr><tr><td style=\"white-space:nowrap\">IVA<a name=\"NSCLC-pTNM-IVA\"> </a></td><td>Stage IVA</td></tr><tr><td style=\"white-space:nowrap\">IVB<a name=\"NSCLC-pTNM-IVB\"> </a></td><td>Stage IVB</td></tr></table></div>"},"url":"http://mitwfhir.dicom.org.tw/fhir/CodeSystem/NSCLC-pTNM","version":"0.1.0","name":"NonSmallCellLungCancerpTNMCodes","title":"NSCLC-pTNM","status":"active","date":"2023-07-09T22:38:53+08:00","publisher":"CYLAB","description":"NSCLC-pTNM","content":"complete","count":12,"concept":[{"code":"0","display":"0"},{"code":"IA1","display":"Stage IA1"},{"code":"IA2","display":"Stage IA2"},{"code":"IA3","display":"Stage IA3"},{"code":"IB","display":"Stage IB"},{"code":"IIA","display":"Stage IIA"},{"code":"IIB","display":"Stage IIB"},{"code":"IIIA","display":"Stage IIIA"},{"code":"IIIB","display":"Stage IIIB"},{"code":"IIIC","display":"Stage IIIC"},{"code":"IVA","display":"Stage IVA"},{"code":"IVB","display":"Stage IVB"}]}