{"resourceType":"CodeSystem","id":"NASH-Knodell","text":{"status":"generated","div":"<div xmlns=\"http://www.w3.org/1999/xhtml\"><p>This code system <code>http://mitwfhir.dicom.org.tw/fhir/CodeSystem/NASH-Knodell</code> defines the following codes:</p><table class=\"codes\"><tr><td style=\"white-space:nowrap\"><b>Code</b></td></tr><tr><td style=\"white-space:nowrap\">0<a name=\"NASH-Knodell-0\"> </a></td></tr><tr><td style=\"white-space:nowrap\">1<a name=\"NASH-Knodell-1\"> </a></td></tr><tr><td style=\"white-space:nowrap\">2<a name=\"NASH-Knodell-2\"> </a></td></tr><tr><td style=\"white-space:nowrap\">3<a name=\"NASH-Knodell-3\"> </a></td></tr><tr><td style=\"white-space:nowrap\">4<a name=\"NASH-Knodell-4\"> </a></td></tr><tr><td style=\"white-space:nowrap\">5<a name=\"NASH-Knodell-5\"> </a></td></tr><tr><td style=\"white-space:nowrap\">6<a name=\"NASH-Knodell-6\"> </a></td></tr><tr><td style=\"white-space:nowrap\">7<a name=\"NASH-Knodell-7\"> </a></td></tr><tr><td style=\"white-space:nowrap\">8<a name=\"NASH-Knodell-8\"> </a></td></tr><tr><td style=\"white-space:nowrap\">9<a name=\"NASH-Knodell-9\"> </a></td></tr><tr><td style=\"white-space:nowrap\">10<a name=\"NASH-Knodell-10\"> </a></td></tr><tr><td style=\"white-space:nowrap\">11<a name=\"NASH-Knodell-11\"> </a></td></tr><tr><td style=\"white-space:nowrap\">12<a name=\"NASH-Knodell-12\"> </a></td></tr><tr><td style=\"white-space:nowrap\">13<a name=\"NASH-Knodell-13\"> </a></td></tr><tr><td style=\"white-space:nowrap\">14<a name=\"NASH-Knodell-14\"> </a></td></tr><tr><td style=\"white-space:nowrap\">15<a name=\"NASH-Knodell-15\"> </a></td></tr><tr><td style=\"white-space:nowrap\">16<a name=\"NASH-Knodell-16\"> </a></td></tr><tr><td style=\"white-space:nowrap\">17<a name=\"NASH-Knodell-17\"> </a></td></tr><tr><td style=\"white-space:nowrap\">18<a name=\"NASH-Knodell-18\"> </a></td></tr><tr><td style=\"white-space:nowrap\">19<a name=\"NASH-Knodell-19\"> </a></td></tr></table></div>"},"url":"http://mitwfhir.dicom.org.tw/fhir/CodeSystem/NASH-Knodell","version":"0.1.0","name":"KnodellScoreSystem","title":"NASH-Knodell score system","status":"active","date":"2023-03-08T20:44:42+08:00","publisher":"CYLAB","description":"NASH-Knodell score system","content":"complete","count":20,"concept":[{"code":"0"},{"code":"1"},{"code":"2"},{"code":"3"},{"code":"4"},{"code":"5"},{"code":"6"},{"code":"7"},{"code":"8"},{"code":"9"},{"code":"10"},{"code":"11"},{"code":"12"},{"code":"13"},{"code":"14"},{"code":"15"},{"code":"16"},{"code":"17"},{"code":"18"},{"code":"19"}]}