{"resourceType":"StructureDefinition","id":"TWCoreCondition","text":{"status":"extensions","div":"<div xmlns=\"http://www.w3.org/1999/xhtml\"><table border=\"0\" cellpadding=\"0\" cellspacing=\"0\" style=\"border: 0px #F0F0F0 solid; font-size: 11px; font-family: verdana; vertical-align: top;\"><tr style=\"border: 1px #F0F0F0 solid; font-size: 11px; font-family: verdana; vertical-align: top\"><th style=\"vertical-align: top; text-align : left; background-color: white; border: 0px #F0F0F0 solid; padding:0px 4px 0px 4px\" class=\"hierarchy\"><a href=\"http://hl7.org/fhir/R4/formats.html#table\" title=\"The logical name of the element\">Name</a></th><th style=\"vertical-align: top; text-align : left; background-color: white; border: 0px #F0F0F0 solid; padding:0px 4px 0px 4px\" class=\"hierarchy\"><a href=\"http://hl7.org/fhir/R4/formats.html#table\" title=\"Information about the use of the element\">Flags</a></th><th style=\"vertical-align: top; text-align : left; background-color: white; border: 0px #F0F0F0 solid; padding:0px 4px 0px 4px\" class=\"hierarchy\"><a href=\"http://hl7.org/fhir/R4/formats.html#table\" title=\"Minimum and Maximum # of times the the element can appear in the instance\">Card.</a></th><th style=\"width: 100px\" class=\"hierarchy\"><a href=\"http://hl7.org/fhir/R4/formats.html#table\" title=\"Reference to the type of the element\">Type</a></th><th style=\"vertical-align: top; text-align : left; background-color: white; border: 0px #F0F0F0 solid; padding:0px 4px 0px 4px\" class=\"hierarchy\"><a href=\"http://hl7.org/fhir/R4/formats.html#table\" title=\"Additional information about the element\">Description &amp; Constraints</a><span style=\"float: right\"><a href=\"http://hl7.org/fhir/R4/formats.html#table\" title=\"Legend for this format\"><img src=\"http://hl7.org/fhir/R4/help16.png\" alt=\"doco\" style=\"background-color: inherit\"/></a></span></th></tr><tr style=\"border: 0px #F0F0F0 solid; padding:0px; vertical-align: top; background-color: white\"><td style=\"vertical-align: top; text-align : left; background-color: white; border: 0px #F0F0F0 solid; padding:0px 4px 0px 4px; white-space: nowrap; background-image: url(tbl_bck0.png)\" class=\"hierarchy\"><img src=\"tbl_spacer.png\" alt=\".\" style=\"background-color: inherit\" class=\"hierarchy\"/><img src=\"icon_resource.png\" alt=\".\" style=\"background-color: white; background-color: inherit\" title=\"Resource\" class=\"hierarchy\"/> <a href=\"StructureDefinition-TWCoreCondition-definitions.html#Condition\">Condition</a><a name=\"Condition\"> </a></td><td style=\"vertical-align: top; text-align : left; background-color: white; border: 0px #F0F0F0 solid; padding:0px 4px 0px 4px\" class=\"hierarchy\"/><td style=\"vertical-align: top; text-align : left; background-color: white; border: 0px #F0F0F0 solid; padding:0px 4px 0px 4px\" class=\"hierarchy\"><span style=\"opacity: 0.5\">0</span><span style=\"opacity: 0.5\">..</span><span style=\"opacity: 0.5\">*</span></td><td style=\"vertical-align: top; text-align : left; background-color: white; border: 0px #F0F0F0 solid; padding:0px 4px 0px 4px\" class=\"hierarchy\"><a href=\"https://twcore.mohw.gov.tw/ig/twcore/0.1.0/StructureDefinition-Condition-twcore.html\">TWCoreCondition</a></td><td style=\"vertical-align: top; text-align : left; background-color: white; border: 0px #F0F0F0 solid; padding:0px 4px 0px 4px\" class=\"hierarchy\"><span style=\"opacity: 0.5\">有關病情、問題或診斷的詳細資訊</span></td></tr>\r\n<tr><td colspan=\"5\" class=\"hierarchy\"><br/><a href=\"http://hl7.org/fhir/R4/formats.html#table\" title=\"Legend for this format\"><img src=\"http://hl7.org/fhir/R4/help16.png\" alt=\"doco\" style=\"background-color: inherit\"/> Documentation for this format</a></td></tr></table></div>"},"extension":[{"url":"http://hl7.org/fhir/StructureDefinition/structuredefinition-category","valueString":"Clinical.Summary"},{"url":"http://hl7.org/fhir/StructureDefinition/structuredefinition-security-category","valueCode":"patient"}],"url":"http://mitwfhir.dicom.org.tw/fhir/StructureDefinition/TWCoreCondition","version":"0.1.0","name":"TWCoreCondition","title":"Condition ","status":"active","date":"2023-07-09T22:38:53+08:00","publisher":"CYLAB","fhirVersion":"4.0.1","mapping":[{"identity":"workflow","uri":"http://hl7.org/fhir/workflow","name":"Workflow Pattern"},{"identity":"sct-concept","uri":"http://snomed.info/conceptdomain","name":"SNOMED CT Concept Domain Binding"},{"identity":"v2","uri":"http://hl7.org/v2","name":"HL7 v2 Mapping"},{"identity":"rim","uri":"http://hl7.org/v3","name":"RIM Mapping"},{"identity":"w5","uri":"http://hl7.org/fhir/fivews","name":"FiveWs Pattern Mapping"},{"identity":"sct-attr","uri":"http://snomed.org/attributebinding","name":"SNOMED CT Attribute Binding"}],"kind":"resource","abstract":false,"type":"Condition","baseDefinition":"https://twcore.mohw.gov.tw/ig/twcore/StructureDefinition/Condition-twcore","derivation":"constraint","snapshot":{"element":[{"id":"Condition","path":"Condition","short":"有關病情、問題或診斷的詳細資訊","definition":"一個臨床病情、問題、診斷或其他事件、情況、或臨床概念，已上升到需要關注的程度。","min":0,"max":"*","base":{"path":"Condition","min":0,"max":"*"},"isModifier":false,"isSummary":false,"mapping":[{"identity":"rim","map":"Entity. Role, or Act"},{"identity":"workflow","map":"Event"},{"identity":"sct-concept","map":"< 243796009 |Situation with explicit context| : 246090004 |Associated finding| = ( ( < 404684003 |Clinical finding| MINUS ( << 420134006 |Propensity to adverse reactions| OR << 473010000 |Hypersensitivity condition| OR << 79899007 |Drug interaction| OR << 69449002 |Drug action| OR << 441742003 |Evaluation finding| OR << 307824009 |Administrative status| OR << 385356007 |Tumor stage finding|)) OR < 272379006 |Event|)"},{"identity":"v2","map":"PPR message"},{"identity":"rim","map":"Observation[classCode=OBS, moodCode=EVN, code=ASSERTION, value<Diagnosis]"}]},{"id":"Condition.id","path":"Condition.id","short":"不重複的ID用以識別儲存在特定FHIR Server中的Condition紀錄，通常又稱為邏輯性ID。","definition":"resource的邏輯ID，在resource的URL中使用。一旦指定，這個值永遠不會改變。","comment":"一個resource使用新增操作（create operation）提交給伺服器時是此resource唯一沒有id的時刻","min":0,"max":"1","base":{"path":"Resource.id","min":0,"max":"1"},"type":[{"extension":[{"url":"http://hl7.org/fhir/StructureDefinition/structuredefinition-fhir-type","valueUrl":"id"}],"code":"http://hl7.org/fhirpath/System.String"}],"isModifier":false,"isSummary":true},{"id":"Condition.meta","path":"Condition.meta","short":"此Condition Resource的metadata","definition":"關於resource的metadata。這是由基礎建設維護的內容。對內容的改變可能並不總是與resource的版本改變相關。","min":0,"max":"1","base":{"path":"Resource.meta","min":0,"max":"1"},"type":[{"code":"Meta"}],"constraint":[{"key":"ele-1","severity":"error","human":"All FHIR elements must have a @value or children","expression":"hasValue() or (children().count() > id.count())","xpath":"@value|f:*|h:div","source":"http://hl7.org/fhir/StructureDefinition/Element"}],"isModifier":false,"isSummary":true},{"id":"Condition.implicitRules","path":"Condition.implicitRules","short":"創建此內容所依據的一組規則","definition":"構建resource時遵循的一系列規則的參照，在處理內容時必須理解這些規則。通常這是IG定義特殊規則及其他profiles的參照。","comment":"宣告這套規則限制了內容只能被有限的貿易夥伴所理解。這從本質上限制了資料的長期有用性。然而，現有的健康生態體系高度分裂，還沒有準備好以普遍可計算的方式定義、收集和交換資料。只要有可能，實作者和（或）規範編寫者應該避免使用這個資料項目。通常，在使用時，此URL是對實作指引的參照，此指引將這些特殊規則與其他profiles、value sets等一起定義為其敘述的一部分。","min":0,"max":"1","base":{"path":"Resource.implicitRules","min":0,"max":"1"},"type":[{"code":"uri"}],"constraint":[{"key":"ele-1","severity":"error","human":"All FHIR elements must have a @value or children","expression":"hasValue() or (children().count() > id.count())","xpath":"@value|f:*|h:div","source":"http://hl7.org/fhir/StructureDefinition/Element"}],"isModifier":true,"isModifierReason":"This element is labeled as a modifier because the implicit rules may provide additional knowledge about the resource that modifies it's meaning or interpretation","isSummary":true},{"id":"Condition.language","path":"Condition.language","short":"用以表述Condition Resource內容的語言","definition":"編寫此resource的基礎語言","comment":"提供語言是為了支援索引和可存取性（通常，文字表述轉語音等服務使用此語言標籤）。html lanuage tag適用於此敘述。resource上的語言標籤可用於指定從resource中的資料所產成的其他表述之語言。不是所有的內容都必須使用此基礎語言。不應該假定Resource.language自動適用於敘述。如果指定語言，它也應該被指定在html中的div元素（關於xml:lang和html lang屬性之間的關係，見HTML5中的規則）。","min":0,"max":"1","base":{"path":"Resource.language","min":0,"max":"1"},"type":[{"code":"code"}],"example":[{"label":"Value","valueString":"zh-TW"}],"constraint":[{"key":"ele-1","severity":"error","human":"All FHIR elements must have a @value or children","expression":"hasValue() or (children().count() > id.count())","xpath":"@value|f:*|h:div","source":"http://hl7.org/fhir/StructureDefinition/Element"}],"isModifier":false,"isSummary":false,"binding":{"extension":[{"url":"http://hl7.org/fhir/StructureDefinition/elementdefinition-maxValueSet","valueCanonical":"http://hl7.org/fhir/ValueSet/all-languages"},{"url":"http://hl7.org/fhir/StructureDefinition/elementdefinition-bindingName","valueString":"Language"},{"url":"http://hl7.org/fhir/StructureDefinition/elementdefinition-isCommonBinding","valueBoolean":true}],"strength":"preferred","description":"人類語言；鼓勵使用[CommonLanguages](http://hl7.org/fhir/R4/valueset-languages.html)代碼表中的代碼，但不強制一定要使用此代碼表，你也可使用其他代碼表的代碼或單純以文字表示。","valueSet":"http://hl7.org/fhir/ValueSet/languages"}},{"id":"Condition.text","path":"Condition.text","short":"Condition Resource之內容摘要以供人閱讀","definition":"人可讀的敘述，包含resource的摘要，可用於向人表述resource的內容。敘述不需要對所有的結構化資料進行編碼，但需要包含足夠的細節使人在閱讀敘述時理解「臨床安全性」。resource定義可定義哪些內容應該在敘述中表示，以確保臨床安全。","comment":"內嵌（contained）的resource沒有敘述，非內嵌（contained）的resource則 **建議應該（SHOULD）** 有敘述。在某些情況下，resource可能只有文字表述，很少或沒有額外的離散資料（只要滿足所有minOccurs=1的資料項目）。這對於來自舊有系統的資料可能是必要的，在這些系統中，從 「文字表述區塊（text blob） 」獲取訊息，或者文字表述是額外的原始輸入或敘述，而編碼訊息是後來添加的。","alias":["narrative","html","xhtml","display"],"min":0,"max":"1","base":{"path":"DomainResource.text","min":0,"max":"1"},"type":[{"code":"Narrative"}],"constraint":[{"key":"ele-1","severity":"error","human":"All FHIR elements must have a @value or children","expression":"hasValue() or (children().count() > id.count())","xpath":"@value|f:*|h:div","source":"http://hl7.org/fhir/StructureDefinition/Element"}],"mustSupport":true,"isModifier":false,"isSummary":false,"mapping":[{"identity":"rim","map":"Act.text?"}]},{"id":"Condition.contained","path":"Condition.contained","short":"內嵌的（contained）、行內的Resources","definition":"這些resource內嵌（contains）的resource不會另外存於任何FHIR伺服器，意即它們無法在任何FHIR伺服器中被找到，也無法有自己獨立的資料異動／交易（transaction）範圍。","comment":"內嵌（contained）的resource沒有敘述，非內嵌（contained）的resource則 **建議應該（SHOULD）** 有敘述。在某些情況下，resource可能只有文字表述，很少或沒有額外的離散資料（只要滿足所有minOccurs=1的資料項目）。這對於來自舊有系統的資料可能是必要的，在這些系統中，從 「文字表述區塊（text blob） 」獲取訊息，或者文字表述是額外的原始輸入或敘述，而編碼訊息是後來添加的。","alias":["inline resources","anonymous resources","contained resources"],"min":0,"max":"*","base":{"path":"DomainResource.contained","min":0,"max":"*"},"type":[{"code":"Resource"}],"isModifier":false,"isSummary":false,"mapping":[{"identity":"rim","map":"N/A"}]},{"id":"Condition.extension","path":"Condition.extension","short":"擴充的資料項目","definition":"可用於表示不屬於此資料項目基本定義的附加資訊。為了擴充的使用安全和可管理，對擴充的定義和使用有一套嚴格的管理。儘管任何實作者都可以定義一個擴充，但作為擴充定義的一部分，有一套要求 **必須（SHALL）** 滿足。","comment":"無論使用或定義擴充的機構或管轄區，任何應用程式、專案或標準使用擴充都不背負任何污名（stigma）。使用擴充是允許FHIR規範為每個人保留一個核心的簡易性。","min":0,"max":"*","base":{"path":"DomainResource.extension","min":0,"max":"*"},"type":[{"code":"Extension"}],"constraint":[{"key":"ele-1","severity":"error","human":"All FHIR elements must have a @value or children","expression":"hasValue() or (children().count() > id.count())","xpath":"@value|f:*|h:div","source":"http://hl7.org/fhir/StructureDefinition/Element"},{"key":"ext-1","severity":"error","human":"Must have either extensions or value[x], not both","expression":"extension.exists() != value.exists()","xpath":"exists(f:extension)!=exists(f:*[starts-with(local-name(.), \"value\")])","source":"http://hl7.org/fhir/StructureDefinition/Extension"}],"isModifier":false,"isSummary":false},{"id":"Condition.modifierExtension","path":"Condition.modifierExtension","short":"此擴充的資料項目可能會完全修正或改變其他資料項目的意涵，需特別留意。","definition":"可以用來表示不屬於資料項目的基本定義的附加資訊，並且修改對它所內嵌（contained）的資料項目的理解和（或）對包含資料項目之後續使用的理解。通常，修飾用的資料項目提供否定或限定。為了使擴充的使用安全和可管理，對擴充的定義和使用有一套嚴格的管理。儘管任何實作者都可以定義一個擴充，但作為擴充定義的一部分，有一套要求 **必須（SHALL）** 滿足。處理resource的應用程式被要求檢查修飾用的擴充資料項目。  \r\n修飾用的擴充資料項目 **必須沒有（SHALL NOT）** 改變resource或DomainResource上任何資料項目的含義（包括不能改變modifierExtension本身的含義）。","comment":"無論使用或定義擴充的機構或管轄區，任何應用程式、專案或標準使用擴充都不背負任何污名（stigma）。使用擴充是允許FHIR規範為每個人保留一個核心的簡易性。","requirements":"修飾用的資料項目擴充將不能安全地忽略的擴充與絕大多數可以安全地忽略的擴充明確區分開來。透過消除禁止實作者擴充存在的需求來促進可互操作性。更多訊息，請參見[修飾用的資料項目擴充之定義](http://hl7.org/fhir/R4/extensibility.html#modifierExtension)。","min":0,"max":"*","base":{"path":"DomainResource.modifierExtension","min":0,"max":"*"},"type":[{"code":"Extension"}],"constraint":[{"key":"ele-1","severity":"error","human":"All FHIR elements must have a @value or children","expression":"hasValue() or (children().count() > id.count())","xpath":"@value|f:*|h:div","source":"http://hl7.org/fhir/StructureDefinition/Element"},{"key":"ext-1","severity":"error","human":"Must have either extensions or value[x], not both","expression":"extension.exists() != value.exists()","xpath":"exists(f:extension)!=exists(f:*[starts-with(local-name(.), \"value\")])","source":"http://hl7.org/fhir/StructureDefinition/Extension"}],"isModifier":true,"isModifierReason":"Modifier extensions are expected to modify the meaning or interpretation of the resource that contains them","isSummary":false},{"id":"Condition.identifier","path":"Condition.identifier","short":"此病情、問題或診斷的外部識別碼","definition":"由執行者或其他系統指定給此病情、問題或診斷的業務用識別碼，即使此resource作更新及在伺服器之間的傳遞，此識別碼仍保持不變。","comment":"這是一個業務識別碼，不是一個resource識別碼（詳見討論）。最好的做法是該識別碼只出現在單個resource實例上，但是業務實務有可能會規定可以在多個resource實例中具有相同識別碼—甚至可能具有不同的resource型例。例如：多個 「Patient（病人）」和 「Person（個人）」resource實例可能共用同一個社會保險號碼。","requirements":"允許識別各參與系統所知的此病情、問題或診斷資訊，並在各伺服器之間保持一致的方式。","min":0,"max":"*","base":{"path":"Condition.identifier","min":0,"max":"*"},"type":[{"code":"Identifier"}],"constraint":[{"key":"ele-1","severity":"error","human":"All FHIR elements must have a @value or children","expression":"hasValue() or (children().count() > id.count())","xpath":"@value|f:*|h:div","source":"http://hl7.org/fhir/StructureDefinition/Element"}],"isModifier":false,"isSummary":true,"mapping":[{"identity":"workflow","map":"Event.identifier"},{"identity":"w5","map":"FiveWs.identifier"},{"identity":"rim","map":".id"}]},{"id":"Condition.clinicalStatus","path":"Condition.clinicalStatus","short":"概念（Concept）— 參照一個專門術語或只是文字表述","definition":"此病情、問題或診斷的臨床狀態","comment":"data type是CodeableConcept，因為clinicalStatus涉及到一些臨床判斷，例如：可能需要比所需的FHIR值集更多的特殊性。例如：SNOMED編碼可能允許更多的特殊性。","min":1,"max":"1","base":{"path":"Condition.clinicalStatus","min":0,"max":"1"},"type":[{"code":"CodeableConcept","profile":["https://twcore.mohw.gov.tw/ig/twcore/StructureDefinition/CodeableConcept-tw"]}],"condition":["ele-1"],"constraint":[{"key":"ele-1","severity":"error","human":"All FHIR elements must have a @value or children","expression":"hasValue() or (children().count() > id.count())","xpath":"@value|f:*|h:div","source":"http://hl7.org/fhir/StructureDefinition/Element"}],"mustSupport":true,"isModifier":false,"binding":{"extension":[{"url":"http://hl7.org/fhir/StructureDefinition/elementdefinition-bindingName","valueString":"ConditionClinicalStatus"}],"strength":"required","description":"病情、問題或診斷的臨床狀態；應填入[ConditionClinicalStatusCodes](http://hl7.org/fhir/R4/valueset-condition-clinical.html)代碼表中的其中一個代碼。","valueSet":"http://hl7.org/fhir/ValueSet/condition-clinical|4.0.1"},"mapping":[{"identity":"rim","map":"n/a"},{"identity":"v2","map":"CE/CNE/CWE"},{"identity":"rim","map":"CD"},{"identity":"orim","map":"fhir:CodeableConcept rdfs:subClassOf dt:CD"}]},{"id":"Condition.verificationStatus","path":"Condition.verificationStatus","short":"概念（Concept）— 參照一個專門術語或只是文字表述","definition":"支持此病情、問題或診斷的臨床狀態之驗證狀態","comment":"verificationStatus不是必須的。例如：當病人在急診室出現腹痛時，不可能出現驗證狀態。資料類型是CodeableConcept，因為verificationStatus涉及到一些臨床判斷，因此可能需要比所需的FHIR值集更多的特殊性。例如：SNOMED編碼可能允許更多的特殊性。","min":0,"max":"1","base":{"path":"Condition.verificationStatus","min":0,"max":"1"},"type":[{"code":"CodeableConcept","profile":["https://twcore.mohw.gov.tw/ig/twcore/StructureDefinition/CodeableConcept-tw"]}],"condition":["ele-1"],"constraint":[{"key":"ele-1","severity":"error","human":"All FHIR elements must have a @value or children","expression":"hasValue() or (children().count() > id.count())","xpath":"@value|f:*|h:div","source":"http://hl7.org/fhir/StructureDefinition/Element"}],"mustSupport":true,"isModifier":false,"binding":{"extension":[{"url":"http://hl7.org/fhir/StructureDefinition/elementdefinition-bindingName","valueString":"ConditionVerificationStatus"}],"strength":"required","description":"支持或拒絕病情、問題或診斷的臨床狀態的驗證狀態；應填入[ConditionVerificationStatus](http://hl7.org/fhir/R4/valueset-condition-ver-status.html)代碼表中的其中一個代碼。","valueSet":"http://hl7.org/fhir/ValueSet/condition-ver-status|4.0.1"},"mapping":[{"identity":"rim","map":"n/a"},{"identity":"v2","map":"CE/CNE/CWE"},{"identity":"rim","map":"CD"},{"identity":"orim","map":"fhir:CodeableConcept rdfs:subClassOf dt:CD"}]},{"id":"Condition.category","path":"Condition.category","short":"概念（Concept）— 參照一個專門術語或只是文字表述","definition":"指定此病情、問題或診斷的類別","comment":"這種分類往往具有很強的情境性，在其他情境下可能顯得區分度不高，或沒有什麼用處。","min":1,"max":"1","base":{"path":"Condition.category","min":0,"max":"*"},"type":[{"code":"CodeableConcept","profile":["https://twcore.mohw.gov.tw/ig/twcore/StructureDefinition/CodeableConcept-tw"]}],"condition":["ele-1"],"constraint":[{"key":"ele-1","severity":"error","human":"All FHIR elements must have a @value or children","expression":"hasValue() or (children().count() > id.count())","xpath":"@value|f:*|h:div","source":"http://hl7.org/fhir/StructureDefinition/Element"}],"mustSupport":true,"isModifier":false,"binding":{"extension":[{"url":"http://hl7.org/fhir/StructureDefinition/elementdefinition-bindingName","valueString":"ConditionCategory"}],"strength":"extensible","description":"指定病情、問題或診斷的類別；應填入[ConditionCategoryCodes](http://hl7.org/fhir/R4/valueset-condition-category.html)代碼表中適合的代碼，確定無適合的代碼才可以使用其他代碼中的代碼來表示。","valueSet":"http://hl7.org/fhir/ValueSet/condition-category"},"mapping":[{"identity":"rim","map":"n/a"},{"identity":"v2","map":"CE/CNE/CWE"},{"identity":"rim","map":"CD"},{"identity":"orim","map":"fhir:CodeableConcept rdfs:subClassOf dt:CD"}]},{"id":"Condition.severity","path":"Condition.severity","short":"病情、問題或診斷的主觀嚴重程度","definition":"臨床醫生對病情、問題或診斷嚴重程度的主觀評估","comment":"如有可能，最好用專門術語對嚴重程度進行編碼。","min":0,"max":"1","base":{"path":"Condition.severity","min":0,"max":"1"},"type":[{"code":"CodeableConcept","profile":["https://twcore.mohw.gov.tw/ig/twcore/StructureDefinition/CodeableConcept-tw"]}],"condition":["ele-1"],"constraint":[{"key":"ele-1","severity":"error","human":"All FHIR elements must have a @value or children","expression":"hasValue() or (children().count() > id.count())","xpath":"@value|f:*|h:div","source":"http://hl7.org/fhir/StructureDefinition/Element"}],"mustSupport":true,"isModifier":false,"binding":{"strength":"preferred","description":"臨床醫生對病情、問題或診斷嚴重程度的主觀評價；鼓勵使用[Problem Severity - IPS](http://hl7.org/fhir/uv/ips/STU1.1/ValueSet-condition-severity-uv-ips.html)代碼表中的代碼， 但不強制一定要使用此代碼表，你也可使用其他代碼表的代碼或單純以文字表示。","valueSet":"http://hl7.org/fhir/uv/ips/ValueSet/condition-severity-uv-ips"},"mapping":[{"identity":"rim","map":"n/a"},{"identity":"v2","map":"CE/CNE/CWE"},{"identity":"rim","map":"CD"},{"identity":"orim","map":"fhir:CodeableConcept rdfs:subClassOf dt:CD"}]},{"id":"Condition.code","path":"Condition.code","short":"病情、問題或診斷的識別","definition":"病情、問題或診斷的識別","comment":"Not all terminology uses fit this general pattern. In some cases, models should not use CodeableConcept and use Coding directly and provide their own structure for managing text, codings, translations and the relationship between elements and pre- and post-coordination.","requirements":"0..1，主要用於說明敘述性resource。","alias":["type"],"min":0,"max":"1","base":{"path":"Condition.code","min":0,"max":"1"},"type":[{"code":"CodeableConcept","profile":["https://twcore.mohw.gov.tw/ig/twcore/StructureDefinition/CodeableConcept-tw"]}],"condition":["ele-1"],"constraint":[{"key":"ele-1","severity":"error","human":"All FHIR elements must have a @value or children","expression":"hasValue() or (children().count() > id.count())","xpath":"@value|f:*|h:div","source":"http://hl7.org/fhir/StructureDefinition/Element"}],"mustSupport":true,"isModifier":false,"binding":{"extension":[{"url":"http://hl7.org/fhir/StructureDefinition/elementdefinition-bindingName","valueString":"ConditionKind"}],"strength":"example","description":"病情、問題或診斷的識別；可參考[Condition/Problem/DiagnosisCodes](http://hl7.org/fhir/R4/valueset-condition-code.html)代碼表，但此代碼表只是針對這個欄位的一個可能值的示例，不預期也不鼓勵使用者一定要使用此代碼表的代碼。","valueSet":"http://hl7.org/fhir/ValueSet/condition-code"},"mapping":[{"identity":"rim","map":"n/a"},{"identity":"v2","map":"CE/CNE/CWE"},{"identity":"rim","map":"CD"},{"identity":"orim","map":"fhir:CodeableConcept rdfs:subClassOf dt:CD"}]},{"id":"Condition.code.id","path":"Condition.code.id","representation":["xmlAttr"],"short":"唯一可識別ID，以供資料項目間相互參照。","definition":"resource中資料項目的唯一ID（用於內部參照）。這可以是任何不含空格的字串。","min":0,"max":"1","base":{"path":"Element.id","min":0,"max":"1"},"type":[{"extension":[{"url":"http://hl7.org/fhir/StructureDefinition/structuredefinition-fhir-type","valueUrl":"string"}],"code":"http://hl7.org/fhirpath/System.String"}],"isModifier":false,"isSummary":false,"mapping":[{"identity":"rim","map":"n/a"}]},{"id":"Condition.code.extension","path":"Condition.code.extension","slicing":{"discriminator":[{"type":"value","path":"url"}],"description":"Extensions are always sliced by (at least) url","rules":"open"},"short":"Extension","definition":"An Extension","comment":"無論使用或定義擴充的機構或管轄區，任何應用程式、專案或標準使用擴充都不背負任何汙名（stigma）。使用擴充是允許FHIR規範為每個人保留一個核心的簡易性。","min":0,"max":"*","base":{"path":"Element.extension","min":0,"max":"*"},"type":[{"code":"Extension"}],"constraint":[{"key":"ele-1","severity":"error","human":"All FHIR elements must have a @value or children","expression":"hasValue() or (children().count() > id.count())","xpath":"@value|f:*|h:div","source":"http://hl7.org/fhir/StructureDefinition/Element"},{"key":"ext-1","severity":"error","human":"Must have either extensions or value[x], not both","expression":"extension.exists() != value.exists()","xpath":"exists(f:extension)!=exists(f:*[starts-with(local-name(.), \"value\")])","source":"http://hl7.org/fhir/StructureDefinition/Extension"}],"isModifier":false,"isSummary":false},{"id":"Condition.code.coding","path":"Condition.code.coding","slicing":{"discriminator":[{"type":"pattern","path":"$this"}],"rules":"open"},"short":"由專門術語系統（terminology system）定義的代碼","definition":"由專門術語系統（terminology system）所定義之代碼的參照。","comment":"代碼可以在列舉清單（enumerations）或代碼清單（code lists）中非常隨意地定義，直至有非常正式的定義，如SNOMED CT—更多資訊見HL7 v3核心原則（Core Principles ）。編碼的排序是未定義的因而 **必須沒有（SHALL NOT）** 被用來推斷意義。一般來說，最多只有一個編碼值（coding values）會被標記為UserSelected = true。","requirements":"允許使用者在不知道識別碼系統的情況下利用識別碼","min":0,"max":"*","base":{"path":"CodeableConcept.coding","min":0,"max":"*"},"type":[{"code":"Coding","profile":["https://twcore.mohw.gov.tw/ig/twcore/StructureDefinition/Coding-tw"]}],"condition":["ele-1"],"constraint":[{"key":"ele-1","severity":"error","human":"All FHIR elements must have a @value or children","expression":"hasValue() or (children().count() > id.count())","xpath":"@value|f:*|h:div","source":"http://hl7.org/fhir/StructureDefinition/Element"}],"mustSupport":true,"isModifier":false,"mapping":[{"identity":"rim","map":"n/a"},{"identity":"v2","map":"CE/CNE/CWE subset one of the sets of component 1-3 or 4-6"},{"identity":"rim","map":"CV"},{"identity":"orim","map":"fhir:Coding rdfs:subClassOf dt:CDCoding"}]},{"id":"Condition.code.coding:icd10-cm-2021","path":"Condition.code.coding","sliceName":"icd10-cm-2021","short":"此為臺灣衛生福利部中央健康保險署維護之2021年中文版ICD-10-CM代碼，涵蓋範圍相對完整，可免費使用，可優先選用此代碼。","definition":"由專門術語系統（terminology system）所定義之代碼的參照。","comment":"代碼可以在列舉清單（enumerations）或代碼清單（code lists）中非常隨意地定義，直至有非常正式的定義，如SNOMED CT—更多資訊見HL7 v3核心原則（Core Principles ）。編碼的排序是未定義的因而 **必須沒有（SHALL NOT）** 被用來推斷意義。一般來說，最多只有一個編碼值（coding values）會被標記為UserSelected = true。","requirements":"允許使用者在不知道識別碼系統的情況下利用識別碼","min":0,"max":"1","base":{"path":"CodeableConcept.coding","min":0,"max":"*"},"type":[{"code":"Coding","profile":["https://twcore.mohw.gov.tw/ig/twcore/StructureDefinition/Coding-tw"]}],"condition":["ele-1"],"constraint":[{"key":"ele-1","severity":"error","human":"All FHIR elements must have a @value or children","expression":"hasValue() or (children().count() > id.count())","xpath":"@value|f:*|h:div","source":"http://hl7.org/fhir/StructureDefinition/Element"}],"mustSupport":true,"isModifier":false,"binding":{"strength":"required","description":"病情、問題或診斷的識別；應填入[臺灣2021年中文版ICD-10-CM值集](ValueSet-icd-10-cm-2021-tw.html)代碼表中的其中一個代碼。","valueSet":"https://twcore.mohw.gov.tw/ig/twcore/ValueSet/icd-10-cm-2021-tw"},"mapping":[{"identity":"rim","map":"n/a"},{"identity":"v2","map":"CE/CNE/CWE subset one of the sets of component 1-3 or 4-6"},{"identity":"rim","map":"CV"},{"identity":"orim","map":"fhir:Coding rdfs:subClassOf dt:CDCoding"}]},{"id":"Condition.code.coding:icd10-cm-2014","path":"Condition.code.coding","sliceName":"icd10-cm-2014","short":"此為臺灣衛生福利部中央健康保險署維護之2014年中文版ICD-10-CM代碼，涵蓋範圍相對完整，可免費使用，可優先選用此代碼。","definition":"由專門術語系統（terminology system）所定義之代碼的參照。","comment":"代碼可以在列舉清單（enumerations）或代碼清單（code lists）中非常隨意地定義，直至有非常正式的定義，如SNOMED CT—更多資訊見HL7 v3核心原則（Core Principles ）。編碼的排序是未定義的因而 **必須沒有（SHALL NOT）** 被用來推斷意義。一般來說，最多只有一個編碼值（coding values）會被標記為UserSelected = true。","requirements":"允許使用者在不知道識別碼系統的情況下利用識別碼","min":0,"max":"1","base":{"path":"CodeableConcept.coding","min":0,"max":"*"},"type":[{"code":"Coding","profile":["https://twcore.mohw.gov.tw/ig/twcore/StructureDefinition/Coding-tw"]}],"condition":["ele-1"],"constraint":[{"key":"ele-1","severity":"error","human":"All FHIR elements must have a @value or children","expression":"hasValue() or (children().count() > id.count())","xpath":"@value|f:*|h:div","source":"http://hl7.org/fhir/StructureDefinition/Element"}],"mustSupport":true,"isModifier":false,"binding":{"strength":"required","description":"病情、問題或診斷的識別；應填入[臺灣2014年中文版ICD-10-CM值集](ValueSet-icd-10-cm-2014-tw.html)代碼表中的其中一個代碼。","valueSet":"https://twcore.mohw.gov.tw/ig/twcore/ValueSet/icd-10-cm-2014-tw"},"mapping":[{"identity":"rim","map":"n/a"},{"identity":"v2","map":"CE/CNE/CWE subset one of the sets of component 1-3 or 4-6"},{"identity":"rim","map":"CV"},{"identity":"orim","map":"fhir:Coding rdfs:subClassOf dt:CDCoding"}]},{"id":"Condition.code.coding:absentOrUnknownProblem","path":"Condition.code.coding","sliceName":"absentOrUnknownProblem","short":"不存在的問題或未知問題的代碼","definition":"表示「absent problem」或「problems unknown」的代碼","comment":"代碼可以在列舉清單（enumerations）或代碼清單（code lists）中非常隨意地定義，直至有非常正式的定義，如SNOMED CT—更多資訊見HL7 v3核心原則（Core Principles ）。編碼的排序是未定義的因而 **必須沒有（SHALL NOT）** 被用來推斷意義。一般來說，最多只有一個編碼值（coding values）會被標記為UserSelected = true。","requirements":"允許使用者在不知道識別碼系統的情況下利用識別碼","min":0,"max":"1","base":{"path":"CodeableConcept.coding","min":0,"max":"*"},"type":[{"code":"Coding","profile":["https://twcore.mohw.gov.tw/ig/twcore/StructureDefinition/Coding-tw"]}],"condition":["ele-1"],"constraint":[{"key":"ele-1","severity":"error","human":"All FHIR elements must have a @value or children","expression":"hasValue() or (children().count() > id.count())","xpath":"@value|f:*|h:div","source":"http://hl7.org/fhir/StructureDefinition/Element"}],"mustSupport":true,"isModifier":false,"binding":{"strength":"required","description":"應填入[Absent or Unknown Problems - IPS](http://hl7.org/fhir/uv/ips/STU1.1/ValueSet-absent-or-unknown-problems-uv-ips.html)代碼表中的其中一個代碼。","valueSet":"http://hl7.org/fhir/uv/ips/ValueSet/absent-or-unknown-problems-uv-ips"},"mapping":[{"identity":"rim","map":"n/a"},{"identity":"v2","map":"CE/CNE/CWE subset one of the sets of component 1-3 or 4-6"},{"identity":"rim","map":"CV"},{"identity":"orim","map":"fhir:Coding rdfs:subClassOf dt:CDCoding"}]},{"id":"Condition.code.coding:sct","path":"Condition.code.coding","sliceName":"sct","short":"此為SNOMED CT診斷代碼，若機構已有購買相關授權，亦可使用。","definition":"由專門術語系統（terminology system）所定義之代碼的參照。","comment":"代碼可以在列舉清單（enumerations）或代碼清單（code lists）中非常隨意地定義，直至有非常正式的定義，如SNOMED CT—更多資訊見HL7 v3核心原則（Core Principles ）。編碼的排序是未定義的因而 **必須沒有（SHALL NOT）** 被用來推斷意義。一般來說，最多只有一個編碼值（coding values）會被標記為UserSelected = true。","requirements":"允許使用者在不知道識別碼系統的情況下利用識別碼","min":0,"max":"1","base":{"path":"CodeableConcept.coding","min":0,"max":"*"},"type":[{"code":"Coding","profile":["https://twcore.mohw.gov.tw/ig/twcore/StructureDefinition/Coding-tw"]}],"condition":["ele-1"],"constraint":[{"key":"ele-1","severity":"error","human":"All FHIR elements must have a @value or children","expression":"hasValue() or (children().count() > id.count())","xpath":"@value|f:*|h:div","source":"http://hl7.org/fhir/StructureDefinition/Element"}],"mustSupport":true,"isModifier":false,"binding":{"strength":"required","description":"應填入[SNOMED CT診斷代碼值集](ValueSet-condition-code-sct-tw.html)代碼表中的其中一個代碼。","valueSet":"https://twcore.mohw.gov.tw/ig/twcore/ValueSet/condition-code-sct-tw"},"mapping":[{"identity":"rim","map":"n/a"},{"identity":"v2","map":"CE/CNE/CWE subset one of the sets of component 1-3 or 4-6"},{"identity":"rim","map":"CV"},{"identity":"orim","map":"fhir:Coding rdfs:subClassOf dt:CDCoding"}]},{"id":"Condition.code.text","extension":[{"url":"http://hl7.org/fhir/StructureDefinition/elementdefinition-translatable","valueBoolean":true}],"path":"Condition.code.text","short":"概念的文字表示法","definition":"輸入資料的使用者所見／所選／所說的人類可讀文字表述，和（或）其代表使用者的預期含義。","comment":"很多時候，此文字表述與其中一個代碼的顯示名稱相同。","requirements":"專門術語中的代碼並不總是能捕捉人類使用的細微差別的正確意義，或者根本就沒有合適的代碼；這些情況下，文字表述被用來捕捉來源的全部意義。","min":0,"max":"1","base":{"path":"CodeableConcept.text","min":0,"max":"1"},"type":[{"code":"string"}],"constraint":[{"key":"ele-1","severity":"error","human":"All FHIR elements must have a @value or children","expression":"hasValue() or (children().count() > id.count())","xpath":"@value|f:*|h:div","source":"http://hl7.org/fhir/StructureDefinition/Element"}],"mustSupport":true,"isModifier":false,"isSummary":true,"mapping":[{"identity":"v2","map":"C*E.9. But note many systems use C*E.2 for this"},{"identity":"rim","map":"./originalText[mediaType/code=\"text/plain\"]/data"},{"identity":"orim","map":"fhir:CodeableConcept.text rdfs:subPropertyOf dt:CD.originalText"}]},{"id":"Condition.bodySite","path":"Condition.bodySite","short":"如果相關請填寫解剖位置","definition":"此病情、問題或診斷表現出來的解剖位置","comment":"只有在Condition.code中找到的代碼未隱含此資料項目概念時才使用。如果使用案例（use-case）要求將BodySite作為一個單獨的resource來處理（例如：識別和追踪），那麼就使用標準的資料項目擴充方式來擴充bodySite。可以是一個摘要代碼，也可以是對一個非常精確位置定義的參照，或者兩者都是。","min":0,"max":"*","base":{"path":"Condition.bodySite","min":0,"max":"*"},"type":[{"code":"CodeableConcept","profile":["https://twcore.mohw.gov.tw/ig/twcore/StructureDefinition/CodeableConcept-tw"]}],"condition":["ele-1"],"constraint":[{"key":"ele-1","severity":"error","human":"All FHIR elements must have a @value or children","expression":"hasValue() or (children().count() > id.count())","xpath":"@value|f:*|h:div","source":"http://hl7.org/fhir/StructureDefinition/Element"}],"mustSupport":true,"isModifier":false,"binding":{"extension":[{"url":"http://hl7.org/fhir/StructureDefinition/elementdefinition-bindingName","valueString":"BodySite"}],"strength":"example","description":"描述解剖位置的代碼。可包括側面；可參考[SNOMEDCTBodyStructures](http://hl7.org/fhir/R4/valueset-body-site.html)代碼表，但此代碼表只是針對這個欄位的一個可能值的示例，不預期也不鼓勵使用者一定要使用此代碼表的代碼。","valueSet":"http://hl7.org/fhir/ValueSet/body-site"},"mapping":[{"identity":"rim","map":"n/a"},{"identity":"v2","map":"CE/CNE/CWE"},{"identity":"rim","map":"CD"},{"identity":"orim","map":"fhir:CodeableConcept rdfs:subClassOf dt:CD"}]},{"id":"Condition.subject","path":"Condition.subject","short":"誰有此病情、問題或診斷？","definition":"表示與此病情、問題或診斷紀錄相關的病人或實體集合（Group resource）","requirements":"實體集合（Group resource）通常用於獸醫或公共衛生的案例","alias":["patient"],"min":1,"max":"1","base":{"path":"Condition.subject","min":1,"max":"1"},"type":[{"code":"Reference","targetProfile":["https://twcore.mohw.gov.tw/ig/twcore/StructureDefinition/Patient-twcore","http://hl7.org/fhir/StructureDefinition/Group"]}],"constraint":[{"key":"ele-1","severity":"error","human":"All FHIR elements must have a @value or children","expression":"hasValue() or (children().count() > id.count())","xpath":"@value|f:*|h:div","source":"http://hl7.org/fhir/StructureDefinition/Element"}],"mustSupport":true,"isModifier":false,"isSummary":true,"mapping":[{"identity":"workflow","map":"Event.subject"},{"identity":"w5","map":"FiveWs.subject[x]"},{"identity":"v2","map":"PID-3"},{"identity":"rim","map":".participation[typeCode=SBJ].role[classCode=PAT]"},{"identity":"w5","map":"FiveWs.subject"}]},{"id":"Condition.encounter","path":"Condition.encounter","short":"作為病情、問題或診斷紀錄的一部分的就醫（Encounter）紀錄","definition":"此病情、問題或診斷記載在哪次的「就醫（Encounter）」紀錄或者與此病情、問題或診斷紀錄密切相關的「就醫（Encounter）」紀錄","comment":"通常是此病情、問題或診斷發生的就醫事件，雖然有些活動可能在就醫結束之前或之後開始，但仍與就醫事件的情境有關。這筆紀錄表明與此病情、問題或診斷紀錄相關的就醫事件（Encounter）。「新的」診斷的情況下，反映病情、問題或診斷的持續/修訂資訊可能與首次就醫所知道的病情、問題或診斷不同。","min":0,"max":"1","base":{"path":"Condition.encounter","min":0,"max":"1"},"type":[{"code":"Reference","targetProfile":["https://twcore.mohw.gov.tw/ig/twcore/StructureDefinition/Encounter-twcore"]}],"constraint":[{"key":"ele-1","severity":"error","human":"All FHIR elements must have a @value or children","expression":"hasValue() or (children().count() > id.count())","xpath":"@value|f:*|h:div","source":"http://hl7.org/fhir/StructureDefinition/Element"}],"isModifier":false,"isSummary":true,"mapping":[{"identity":"workflow","map":"Event.context"},{"identity":"w5","map":"FiveWs.context"},{"identity":"v2","map":"PV1-19 (+PV1-54)"},{"identity":"rim","map":".inboundRelationship[typeCode=COMP].source[classCode=ENC, moodCode=EVN]"}]},{"id":"Condition.onset[x]","path":"Condition.onset[x]","short":"估計的或實際的日期、日期—時間或年齡。","definition":"醫師認為此病情、問題或診斷之推估或實際發生時間或日期時間等","comment":"onsetAge通常是指病人說明病情何時開始發生的年齡","min":0,"max":"1","base":{"path":"Condition.onset[x]","min":0,"max":"1"},"type":[{"extension":[{"url":"http://hl7.org/fhir/StructureDefinition/elementdefinition-type-must-support","valueBoolean":true}],"code":"dateTime"},{"code":"Age"},{"code":"Period"},{"code":"Range"},{"code":"string"}],"constraint":[{"key":"ele-1","severity":"error","human":"All FHIR elements must have a @value or children","expression":"hasValue() or (children().count() > id.count())","xpath":"@value|f:*|h:div","source":"http://hl7.org/fhir/StructureDefinition/Element"}],"mustSupport":true,"isModifier":false,"isSummary":true,"mapping":[{"identity":"workflow","map":"Event.occurrence[x]"},{"identity":"w5","map":"FiveWs.init"},{"identity":"v2","map":"PRB-16"},{"identity":"rim","map":".effectiveTime.low or .inboundRelationship[typeCode=SUBJ].source[classCode=OBS, moodCode=EVN, code=\"age at onset\"].value"}]},{"id":"Condition.abatement[x]","path":"Condition.abatement[x]","short":"何時解決/緩解","definition":"病情、問題或診斷緩解或開始緩解的日期或估計日期。因為與「緩解（remissio）」或 「解決（resolution）」相關的許多過多含義—病情、問題或診斷不會真正解決，但它們可以緩解，所以稱為「緩解 （abatement）」，","comment":"解決（resolution）和緩解（remission）之間沒有明確的區別，因為在許多情況下，兩者的區別並不明顯。當病人說明病情、問題或診斷緩解的年齡時，一般使用onsetAge。如果沒有abatement這個資料項目，就不知道狀況是否已經解決或緩解；應用程式和使用者一般應假定病情、問題或診斷仍存在。當abatementString存在時，它意味著病情、問題或診斷已緩解。","min":0,"max":"1","base":{"path":"Condition.abatement[x]","min":0,"max":"1"},"type":[{"extension":[{"url":"http://hl7.org/fhir/StructureDefinition/elementdefinition-type-must-support","valueBoolean":true}],"code":"dateTime"},{"code":"Age"},{"code":"Period"},{"code":"Range"},{"code":"string"}],"condition":["con-4"],"constraint":[{"key":"ele-1","severity":"error","human":"All FHIR elements must have a @value or children","expression":"hasValue() or (children().count() > id.count())","xpath":"@value|f:*|h:div","source":"http://hl7.org/fhir/StructureDefinition/Element"}],"mustSupport":true,"isModifier":false,"isSummary":false,"mapping":[{"identity":"w5","map":"FiveWs.done[x]"},{"identity":"rim","map":".effectiveTime.high or .inboundRelationship[typeCode=SUBJ].source[classCode=OBS, moodCode=EVN, code=\"age at remission\"].value or .inboundRelationship[typeCode=SUBJ]source[classCode=CONC, moodCode=EVN].status=completed"}]},{"id":"Condition.recordedDate","path":"Condition.recordedDate","short":"記錄的日期","definition":"recordedDate表述此Condition記錄何時於系統中建立，這通常是系統產生的日期。","min":0,"max":"1","base":{"path":"Condition.recordedDate","min":0,"max":"1"},"type":[{"code":"dateTime"}],"constraint":[{"key":"ele-1","severity":"error","human":"All FHIR elements must have a @value or children","expression":"hasValue() or (children().count() > id.count())","xpath":"@value|f:*|h:div","source":"http://hl7.org/fhir/StructureDefinition/Element"}],"isModifier":false,"isSummary":true,"mapping":[{"identity":"w5","map":"FiveWs.recorded"},{"identity":"v2","map":"REL-11"},{"identity":"rim","map":".participation[typeCode=AUT].time"}]},{"id":"Condition.recorder","path":"Condition.recorder","short":"誰記錄此病情、問題或診斷","definition":"記錄病情、問題或診斷內容並對其內容負責的個人","min":0,"max":"1","base":{"path":"Condition.recorder","min":0,"max":"1"},"type":[{"code":"Reference","targetProfile":["https://twcore.mohw.gov.tw/ig/twcore/StructureDefinition/Practitioner-twcore","http://hl7.org/fhir/StructureDefinition/PractitionerRole","https://twcore.mohw.gov.tw/ig/twcore/StructureDefinition/Patient-twcore","http://hl7.org/fhir/StructureDefinition/RelatedPerson"]}],"constraint":[{"key":"ele-1","severity":"error","human":"All FHIR elements must have a @value or children","expression":"hasValue() or (children().count() > id.count())","xpath":"@value|f:*|h:div","source":"http://hl7.org/fhir/StructureDefinition/Element"}],"isModifier":false,"isSummary":true,"mapping":[{"identity":"w5","map":"FiveWs.author"},{"identity":"rim","map":".participation[typeCode=AUT].role"}]},{"id":"Condition.asserter","path":"Condition.asserter","short":"聲稱有此病情、問題或診斷的人","definition":"提出此病情、問題或診斷說明的人","min":0,"max":"1","base":{"path":"Condition.asserter","min":0,"max":"1"},"type":[{"code":"Reference","targetProfile":["https://twcore.mohw.gov.tw/ig/twcore/StructureDefinition/Practitioner-twcore","http://hl7.org/fhir/StructureDefinition/PractitionerRole","https://twcore.mohw.gov.tw/ig/twcore/StructureDefinition/Patient-twcore","http://hl7.org/fhir/StructureDefinition/RelatedPerson"]}],"constraint":[{"key":"ele-1","severity":"error","human":"All FHIR elements must have a @value or children","expression":"hasValue() or (children().count() > id.count())","xpath":"@value|f:*|h:div","source":"http://hl7.org/fhir/StructureDefinition/Element"}],"mustSupport":true,"isModifier":false,"isSummary":true,"mapping":[{"identity":"w5","map":"FiveWs.source"},{"identity":"v2","map":"REL-7.1 identifier + REL-7.12 type code"},{"identity":"rim","map":".participation[typeCode=INF].role"}]},{"id":"Condition.stage","path":"Condition.stage","short":"分期（stage）／分級（grade），通常是正式的評估。","definition":"病情、問題或診斷的臨床分期或分級，可能包括正式的嚴重程度評估。","min":0,"max":"*","base":{"path":"Condition.stage","min":0,"max":"*"},"type":[{"code":"BackboneElement"}],"constraint":[{"key":"con-1","severity":"error","human":"Stage SHALL have summary or assessment","expression":"summary.exists() or assessment.exists()","xpath":"exists(f:summary) or exists(f:assessment)","source":"http://hl7.org/fhir/StructureDefinition/Condition"},{"key":"ele-1","severity":"error","human":"All FHIR elements must have a @value or children","expression":"hasValue() or (children().count() > id.count())","xpath":"@value|f:*|h:div","source":"http://hl7.org/fhir/StructureDefinition/Element"}],"isModifier":false,"isSummary":false,"mapping":[{"identity":"rim","map":"./inboundRelationship[typeCode=SUBJ].source[classCode=OBS, moodCode=EVN, code=\"stage/grade\"]"}]},{"id":"Condition.stage.id","path":"Condition.stage.id","representation":["xmlAttr"],"short":"唯一可識別ID，以供資料項目間相互參照。","definition":"resource中資料項目的唯一ID（用於內部參照）。這可以是任何不含空格的字串。","min":0,"max":"1","base":{"path":"Element.id","min":0,"max":"1"},"type":[{"extension":[{"url":"http://hl7.org/fhir/StructureDefinition/structuredefinition-fhir-type","valueUrl":"string"}],"code":"http://hl7.org/fhirpath/System.String"}],"isModifier":false,"isSummary":false,"mapping":[{"identity":"rim","map":"n/a"}]},{"id":"Condition.stage.extension","path":"Condition.stage.extension","short":"擴充的資料項目","definition":"可用於表示不屬於此資料項目基本定義的附加資訊。為了擴充的使用安全和可管理，對擴充的定義和使用有一套嚴格的管理。儘管任何實作者都可以定義一個擴充，但作為擴充定義的一部分，有一套要求 **必須（SHALL）** 滿足。","comment":"無論使用或定義擴充的機構或管轄區，任何應用程式、專案或標準使用擴充都不背負任何污名（stigma）。使用擴充是允許FHIR規範為每個人保留一個核心的簡易性。","min":0,"max":"*","base":{"path":"Element.extension","min":0,"max":"*"},"type":[{"code":"Extension"}],"constraint":[{"key":"ele-1","severity":"error","human":"All FHIR elements must have a @value or children","expression":"hasValue() or (children().count() > id.count())","xpath":"@value|f:*|h:div","source":"http://hl7.org/fhir/StructureDefinition/Element"},{"key":"ext-1","severity":"error","human":"Must have either extensions or value[x], not both","expression":"extension.exists() != value.exists()","xpath":"exists(f:extension)!=exists(f:*[starts-with(local-name(.), \"value\")])","source":"http://hl7.org/fhir/StructureDefinition/Extension"}],"isModifier":false,"isSummary":false},{"id":"Condition.stage.modifierExtension","path":"Condition.stage.modifierExtension","short":"此擴充的資料項目可能會完全修正或改變其他資料項目的意涵，需特別留意。","definition":"可以用來表示不屬於資料項目的基本定義的附加資訊，並且修改對它所內嵌（contained）的資料項目的理解和（或）對包含資料項目之後續使用的理解。通常，修飾用的資料項目提供否定或限定。為了使擴充的使用安全和可管理，對擴充的定義和使用有一套嚴格的管理。儘管任何實作者都可以定義一個擴充，但作為擴充定義的一部分，有一套要求 **必須（SHALL）** 滿足。處理resource的應用程式被要求檢查修飾用的擴充資料項目。  \r\n修飾用的擴充資料項目 **必須沒有（SHALL NOT）** 改變resource或DomainResource上任何資料項目的含義（包括不能改變modifierExtension本身的含義）。","comment":"無論使用或定義擴充的機構或管轄區，任何應用程式、專案或標準使用擴充都不背負任何污名（stigma）。使用擴充是允許FHIR規範為每個人保留一個核心的簡易性。","requirements":"修飾用的資料項目擴充將不能安全地忽略的擴充與絕大多數可以安全地忽略的擴充明確區分開來。透過消除禁止實作者擴充存在的需求來促進可互操作性。更多訊息，請參見[修飾用的資料項目擴充之定義](http://hl7.org/fhir/R4/extensibility.html#modifierExtension)。","min":0,"max":"*","base":{"path":"BackboneElement.modifierExtension","min":0,"max":"*"},"type":[{"code":"Extension"}],"constraint":[{"key":"ele-1","severity":"error","human":"All FHIR elements must have a @value or children","expression":"hasValue() or (children().count() > id.count())","xpath":"@value|f:*|h:div","source":"http://hl7.org/fhir/StructureDefinition/Element"},{"key":"ext-1","severity":"error","human":"Must have either extensions or value[x], not both","expression":"extension.exists() != value.exists()","xpath":"exists(f:extension)!=exists(f:*[starts-with(local-name(.), \"value\")])","source":"http://hl7.org/fhir/StructureDefinition/Extension"}],"isModifier":true,"isModifierReason":"Modifier extensions are expected to modify the meaning or interpretation of the element that contains them","isSummary":true},{"id":"Condition.stage.summary","path":"Condition.stage.summary","short":"簡單的摘要（特定疾病）。","definition":"對分期的簡單摘要，如「第3期」。針對特定疾病的分期測定。","comment":"Not all terminology uses fit this general pattern. In some cases, models should not use CodeableConcept and use Coding directly and provide their own structure for managing text, codings, translations and the relationship between elements and pre- and post-coordination.","min":0,"max":"1","base":{"path":"Condition.stage.summary","min":0,"max":"1"},"type":[{"code":"CodeableConcept","profile":["https://twcore.mohw.gov.tw/ig/twcore/StructureDefinition/CodeableConcept-tw"]}],"condition":["ele-1"],"constraint":[{"key":"ele-1","severity":"error","human":"All FHIR elements must have a @value or children","expression":"hasValue() or (children().count() > id.count())","xpath":"@value|f:*|h:div","source":"http://hl7.org/fhir/StructureDefinition/Element"}],"isModifier":false,"binding":{"extension":[{"url":"http://hl7.org/fhir/StructureDefinition/elementdefinition-bindingName","valueString":"ConditionStage"}],"strength":"example","description":"描述病情、問題或診斷分期的代碼（例如：癌症分期）。可參考[ConditionStage](http://hl7.org/fhir/R4/valueset-condition-stage.html)代碼表，但此代碼表只是針對這個欄位的一個可能值的示例，不預期也不鼓勵使用者一定要使用此代碼表的代碼。","valueSet":"http://hl7.org/fhir/ValueSet/condition-stage"},"mapping":[{"identity":"rim","map":"n/a"},{"identity":"v2","map":"CE/CNE/CWE"},{"identity":"rim","map":"CD"},{"identity":"orim","map":"fhir:CodeableConcept rdfs:subClassOf dt:CD"}]},{"id":"Condition.stage.assessment","path":"Condition.stage.assessment","short":"正式的評估記錄","definition":"分期評估所依據的證據之正式記錄","min":0,"max":"*","base":{"path":"Condition.stage.assessment","min":0,"max":"*"},"type":[{"code":"Reference","targetProfile":["http://hl7.org/fhir/StructureDefinition/ClinicalImpression","http://hl7.org/fhir/StructureDefinition/DiagnosticReport","https://twcore.mohw.gov.tw/ig/twcore/StructureDefinition/Observation-laboratoryResult-twcore","https://twcore.mohw.gov.tw/ig/twcore/StructureDefinition/Observation-vitalSigns-twcore"]}],"condition":["con-1"],"constraint":[{"key":"ele-1","severity":"error","human":"All FHIR elements must have a @value or children","expression":"hasValue() or (children().count() > id.count())","xpath":"@value|f:*|h:div","source":"http://hl7.org/fhir/StructureDefinition/Element"}],"isModifier":false,"isSummary":false,"mapping":[{"identity":"rim","map":".self"}]},{"id":"Condition.stage.type","path":"Condition.stage.type","short":"分期的種類","definition":"分期的種類，如病理分期或臨床分期。","comment":"Not all terminology uses fit this general pattern. In some cases, models should not use CodeableConcept and use Coding directly and provide their own structure for managing text, codings, translations and the relationship between elements and pre- and post-coordination.","min":0,"max":"1","base":{"path":"Condition.stage.type","min":0,"max":"1"},"type":[{"code":"CodeableConcept","profile":["https://twcore.mohw.gov.tw/ig/twcore/StructureDefinition/CodeableConcept-tw"]}],"condition":["ele-1"],"constraint":[{"key":"ele-1","severity":"error","human":"All FHIR elements must have a @value or children","expression":"hasValue() or (children().count() > id.count())","xpath":"@value|f:*|h:div","source":"http://hl7.org/fhir/StructureDefinition/Element"}],"isModifier":false,"binding":{"extension":[{"url":"http://hl7.org/fhir/StructureDefinition/elementdefinition-bindingName","valueString":"ConditionStageType"}],"strength":"example","description":"病情、問題或診斷分期種類的代碼（如臨床或病理）；可參考[ConditionStageType](http://hl7.org/fhir/R4/valueset-condition-stage-type.html)代碼表，但此代碼表只是針對這個欄位的一個可能值的示例，不預期也不鼓勵使用者一定要使用此代碼表的代碼。","valueSet":"http://hl7.org/fhir/ValueSet/condition-stage-type"},"mapping":[{"identity":"rim","map":"n/a"},{"identity":"v2","map":"CE/CNE/CWE"},{"identity":"rim","map":"CD"},{"identity":"orim","map":"fhir:CodeableConcept rdfs:subClassOf dt:CD"}]},{"id":"Condition.evidence","path":"Condition.evidence","short":"支持的證據","definition":"作為病情、問題或診斷驗證狀態基礎的支持證據／臨床表現，如證實或反駁病情、問題或診斷的證據。","comment":"證據可以是一個簡單的編碼症狀／臨床表現的清單，或參考檢驗檢查或者正式評估，或者兩者都是。","min":0,"max":"*","base":{"path":"Condition.evidence","min":0,"max":"*"},"type":[{"code":"BackboneElement"}],"constraint":[{"key":"con-2","severity":"error","human":"evidence SHALL have code or details","expression":"code.exists() or detail.exists()","xpath":"exists(f:code) or exists(f:detail)","source":"http://hl7.org/fhir/StructureDefinition/Condition"},{"key":"ele-1","severity":"error","human":"All FHIR elements must have a @value or children","expression":"hasValue() or (children().count() > id.count())","xpath":"@value|f:*|h:div","source":"http://hl7.org/fhir/StructureDefinition/Element"}],"isModifier":false,"isSummary":false,"mapping":[{"identity":"rim","map":".outboundRelationship[typeCode=SPRT].target[classCode=OBS, moodCode=EVN]"}]},{"id":"Condition.evidence.id","path":"Condition.evidence.id","representation":["xmlAttr"],"short":"唯一可識別ID，以供資料項目間相互參照。","definition":"resource中資料項目的唯一ID（用於內部參照）。這可以是任何不含空格的字串。","min":0,"max":"1","base":{"path":"Element.id","min":0,"max":"1"},"type":[{"extension":[{"url":"http://hl7.org/fhir/StructureDefinition/structuredefinition-fhir-type","valueUrl":"string"}],"code":"http://hl7.org/fhirpath/System.String"}],"isModifier":false,"isSummary":false,"mapping":[{"identity":"rim","map":"n/a"}]},{"id":"Condition.evidence.extension","path":"Condition.evidence.extension","short":"擴充的資料項目","definition":"可用於表示不屬於此資料項目基本定義的附加資訊。為了擴充的使用安全和可管理，對擴充的定義和使用有一套嚴格的管理。儘管任何實作者都可以定義一個擴充，但作為擴充定義的一部分，有一套要求 **必須（SHALL）** 滿足。","comment":"無論使用或定義擴充的機構或管轄區，任何應用程式、專案或標準使用擴充都不背負任何污名（stigma）。使用擴充是允許FHIR規範為每個人保留一個核心的簡易性。","min":0,"max":"*","base":{"path":"Element.extension","min":0,"max":"*"},"type":[{"code":"Extension"}],"constraint":[{"key":"ele-1","severity":"error","human":"All FHIR elements must have a @value or children","expression":"hasValue() or (children().count() > id.count())","xpath":"@value|f:*|h:div","source":"http://hl7.org/fhir/StructureDefinition/Element"},{"key":"ext-1","severity":"error","human":"Must have either extensions or value[x], not both","expression":"extension.exists() != value.exists()","xpath":"exists(f:extension)!=exists(f:*[starts-with(local-name(.), \"value\")])","source":"http://hl7.org/fhir/StructureDefinition/Extension"}],"isModifier":false,"isSummary":false},{"id":"Condition.evidence.modifierExtension","path":"Condition.evidence.modifierExtension","short":"此擴充的資料項目可能會完全修正或改變其他資料項目的意涵，需特別留意。","definition":"可以用來表示不屬於資料項目的基本定義的附加資訊，並且修改對它所內嵌（contained）的資料項目的理解和（或）對包含資料項目之後續使用的理解。通常，修飾用的資料項目提供否定或限定。為了使擴充的使用安全和可管理，對擴充的定義和使用有一套嚴格的管理。儘管任何實作者都可以定義一個擴充，但作為擴充定義的一部分，有一套要求 **必須（SHALL）** 滿足。處理resource的應用程式被要求檢查修飾用的擴充資料項目。  \r\n修飾用的擴充資料項目 **必須沒有（SHALL NOT）** 改變resource或DomainResource上任何資料項目的含義（包括不能改變modifierExtension本身的含義）。","comment":"無論使用或定義擴充的機構或管轄區，任何應用程式、專案或標準使用擴充都不背負任何污名（stigma）。使用擴充是允許FHIR規範為每個人保留一個核心的簡易性。","requirements":"修飾用的資料項目擴充將不能安全地忽略的擴充與絕大多數可以安全地忽略的擴充明確區分開來。透過消除禁止實作者擴充存在的需求來促進可互操作性。更多訊息，請參見[修飾用的資料項目擴充之定義](http://hl7.org/fhir/R4/extensibility.html#modifierExtension)。","min":0,"max":"*","base":{"path":"BackboneElement.modifierExtension","min":0,"max":"*"},"type":[{"code":"Extension"}],"constraint":[{"key":"ele-1","severity":"error","human":"All FHIR elements must have a @value or children","expression":"hasValue() or (children().count() > id.count())","xpath":"@value|f:*|h:div","source":"http://hl7.org/fhir/StructureDefinition/Element"},{"key":"ext-1","severity":"error","human":"Must have either extensions or value[x], not both","expression":"extension.exists() != value.exists()","xpath":"exists(f:extension)!=exists(f:*[starts-with(local-name(.), \"value\")])","source":"http://hl7.org/fhir/StructureDefinition/Extension"}],"isModifier":true,"isModifierReason":"Modifier extensions are expected to modify the meaning or interpretation of the element that contains them","isSummary":true},{"id":"Condition.evidence.code","path":"Condition.evidence.code","short":"表現／症狀","definition":"導致記錄此病情、問題或診斷的表現或症狀","comment":"Not all terminology uses fit this general pattern. In some cases, models should not use CodeableConcept and use Coding directly and provide their own structure for managing text, codings, translations and the relationship between elements and pre- and post-coordination.","min":0,"max":"*","base":{"path":"Condition.evidence.code","min":0,"max":"*"},"type":[{"code":"CodeableConcept","profile":["https://twcore.mohw.gov.tw/ig/twcore/StructureDefinition/CodeableConcept-tw"]}],"condition":["ele-1"],"constraint":[{"key":"ele-1","severity":"error","human":"All FHIR elements must have a @value or children","expression":"hasValue() or (children().count() > id.count())","xpath":"@value|f:*|h:div","source":"http://hl7.org/fhir/StructureDefinition/Element"}],"isModifier":false,"binding":{"extension":[{"url":"http://hl7.org/fhir/StructureDefinition/elementdefinition-bindingName","valueString":"ManifestationOrSymptom"}],"strength":"example","description":"病情、問題或診斷的表現或症狀之代碼；可參考[ManifestationAndSymptomCodes](http://hl7.org/fhir/R4/valueset-manifestation-or-symptom.html)代碼表，但此代碼表只是針對這個欄位的一個可能值的示例，不預期也不鼓勵使用者一定要使用此代碼表的代碼。","valueSet":"http://hl7.org/fhir/ValueSet/manifestation-or-symptom"},"mapping":[{"identity":"rim","map":"n/a"},{"identity":"v2","map":"CE/CNE/CWE"},{"identity":"rim","map":"CD"},{"identity":"orim","map":"fhir:CodeableConcept rdfs:subClassOf dt:CD"}]},{"id":"Condition.evidence.detail","path":"Condition.evidence.detail","short":"在其他地方找到的支持資訊","definition":"其他相關資訊的連接，包括病理報告。","min":0,"max":"*","base":{"path":"Condition.evidence.detail","min":0,"max":"*"},"type":[{"code":"Reference","targetProfile":["http://hl7.org/fhir/StructureDefinition/Resource"]}],"condition":["con-2"],"constraint":[{"key":"ele-1","severity":"error","human":"All FHIR elements must have a @value or children","expression":"hasValue() or (children().count() > id.count())","xpath":"@value|f:*|h:div","source":"http://hl7.org/fhir/StructureDefinition/Element"}],"isModifier":false,"isSummary":true,"mapping":[{"identity":"w5","map":"FiveWs.why[x]"},{"identity":"rim","map":".self"}]},{"id":"Condition.note","path":"Condition.note","short":"關於此Condition的附加資訊","definition":"關於此Condition的附加資訊。這是一個一般的註釋／意見紀錄，用於描述病情、問題或診斷、其診斷和預後。","min":0,"max":"*","base":{"path":"Condition.note","min":0,"max":"*"},"type":[{"code":"Annotation"}],"constraint":[{"key":"ele-1","severity":"error","human":"All FHIR elements must have a @value or children","expression":"hasValue() or (children().count() > id.count())","xpath":"@value|f:*|h:div","source":"http://hl7.org/fhir/StructureDefinition/Element"}],"mustSupport":true,"isModifier":false,"isSummary":false,"mapping":[{"identity":"workflow","map":"Event.note"},{"identity":"v2","map":"NTE child of PRB"},{"identity":"rim","map":".inboundRelationship[typeCode=SUBJ].source[classCode=OBS, moodCode=EVN, code=\"annotation\"].value"}]}]},"differential":{"element":[{"id":"Condition","path":"Condition"}]}}