{"resourceType":"ValueSet","id":"NASH-Fibrosis-Staging","text":{"status":"generated","div":"<div xmlns=\"http://www.w3.org/1999/xhtml\"><ul><li>Include all codes defined in <a href=\"CodeSystem-NASH-Fibrosis-Staging.html\"><code>http://mitwfhir.dicom.org.tw/fhir/CodeSystem/NASH-Fibrosis-Staging</code></a></li></ul></div>"},"url":"http://mitwfhir.dicom.org.tw/fhir/ValueSet/NASH-Fibrosis-Staging","version":"0.1.0","name":"FibrosisStaging","title":"NASH-Fibrosis Staging","status":"active","date":"2023-07-09T22:38:53+08:00","publisher":"CYLAB","description":"NASH-Fibrosis Staging","compose":{"include":[{"system":"http://mitwfhir.dicom.org.tw/fhir/CodeSystem/NASH-Fibrosis-Staging"}]}}