{"resourceType":"ValueSet","id":"ICD-O-3-Morphology","text":{"status":"generated","div":"<div xmlns=\"http://www.w3.org/1999/xhtml\"><ul><li>Include these codes as defined in <a href=\"http://terminology.hl7.org/4.0.0/CodeSystem-icd-o-3.html\"><code>http://terminology.hl7.org/CodeSystem/icd-o-3</code></a><table class=\"none\"><tr><td style=\"white-space:nowrap\"><b>Code</b></td><td><b>Display</b></td></tr><tr><td>80003</td><td>Neoplasm, malignant</td></tr><tr><td>80013</td><td>Tumor cells, malignant</td></tr><tr><td>80023</td><td>Malignant tumor, small cell type</td></tr><tr><td>80033</td><td>Malignant tumor, giant cell type</td></tr><tr><td>80043</td><td>Malignant tumor, spindle cell type</td></tr><tr><td>80053</td><td>Malignant tumor, clear cell type</td></tr><tr><td>80102</td><td>Carcinoma in situ, NOS</td></tr><tr><td>80103</td><td>Carcinoma, NOS</td></tr><tr><td>80113</td><td>Epithelioma, malignant</td></tr><tr><td>80123</td><td>Large cell carcinoma, NOS</td></tr><tr><td>80133</td><td>Large cell neuroendocrine carcinoma</td></tr><tr><td>80143</td><td>Large cell carcinoma with rhabdoid phenotype</td></tr><tr><td>80153</td><td>Glassy cell carcinoma</td></tr><tr><td>80203</td><td>Carcinoma, undifferentiated, NOS</td></tr><tr><td>80213</td><td>Carcinoma, anaplastic, NOS</td></tr><tr><td>80223</td><td>Pleomorphic carcinoma</td></tr><tr><td>80233</td><td>Nuclear protein in testis (NUT) associated carcinoma</td></tr><tr><td>80303</td><td>Giant cell and spindle cell carcinoma</td></tr><tr><td>80313</td><td>Giant cell carcinoma</td></tr><tr><td>80323</td><td>Spindle cell carcinoma, NOS</td></tr><tr><td>80333</td><td>Pseudosarcomatous carcinoma</td></tr><tr><td>80343</td><td>Polygonal cell carcinoma</td></tr><tr><td>80353</td><td>Carcinoma with osteoclast-like giant cells</td></tr><tr><td>80413</td><td>Small cell carcinoma, NOS</td></tr><tr><td>80423</td><td>Oat cell carcinoma</td></tr><tr><td>80433</td><td>Small cell carcinoma, fusiform cell</td></tr><tr><td>80443</td><td>Small cell carcinoma, intermediate cell</td></tr><tr><td>80453</td><td>Combined small cell carcinoma</td></tr><tr><td>80463</td><td>Non-small cell carcinoma</td></tr><tr><td>80502</td><td>Papillary carcinoma in situ</td></tr><tr><td>80503</td><td>Papillary carcinoma, NOS</td></tr><tr><td>80513</td><td>Verrucous carcinoma, NOS</td></tr><tr><td>80522</td><td>Papillary squamous cell carcinoma,  non-invasive</td></tr><tr><td>80523</td><td>Papillary squamous cell carcinoma</td></tr><tr><td>80543</td><td>Warty carcinoma</td></tr><tr><td>80702</td><td>Squamous cell carcinoma in situ, NOS</td></tr><tr><td>80703</td><td>Squamous cell carcinoma, NOS</td></tr><tr><td>80712</td><td>Differentiated intraepithelial neoplasia</td></tr><tr><td>80713</td><td>Squamous cell carcinoma, keratinizing, NOS</td></tr><tr><td>80723</td><td>Squamous cell carcinoma, large cell, nonkeratinizing, NOS</td></tr><tr><td>80733</td><td>Squamous cell carcinoma, small cell, nonkeratinizing</td></tr><tr><td>80743</td><td>Squamous cell carcinoma, spindle cell</td></tr><tr><td>80753</td><td>Squamous cell carcinoma, adenoid</td></tr><tr><td>80762</td><td>Squamous cell carcinoma in situ with questionable stromal invasion</td></tr><tr><td>80763</td><td>Squamous cell carcinoma, microinvasive</td></tr><tr><td>80772</td><td>Squamous intraepithelial neoplasia, high grade</td></tr><tr><td>80783</td><td>Squamous cell carcinoma with horn formation</td></tr><tr><td>80802</td><td>Queyrat erythroplasia</td></tr><tr><td>80812</td><td>Bowen disease</td></tr><tr><td>80823</td><td>Lymphoepithelial carcinoma</td></tr><tr><td>80833</td><td>Basaloid squamous cell carcinoma</td></tr><tr><td>80843</td><td>Squamous cell carcinoma, clear cell type</td></tr><tr><td>80853</td><td>Squamous cell carcinoma, HPV-positive</td></tr><tr><td>80863</td><td>Squamous cell carcinoma, HPV-negative</td></tr><tr><td>80903</td><td>Basal cell carcinoma, NOS</td></tr><tr><td>80913</td><td>Multifocal superficial basal cell carcinoma</td></tr><tr><td>80923</td><td>Infiltrating basal cell carcinoma, NOS</td></tr><tr><td>80933</td><td>Basal cell carcinoma, fibroepithelial</td></tr><tr><td>80943</td><td>Basosquamous carcinoma</td></tr><tr><td>80953</td><td>Metatypical carcinoma</td></tr><tr><td>80973</td><td>Basal cell carcinoma, nodular</td></tr><tr><td>80983</td><td>Adenoid basal carcinoma</td></tr><tr><td>81003</td><td>Trichoblastic carcinoma</td></tr><tr><td>81023</td><td>Trichilemmocarcinoma</td></tr><tr><td>81103</td><td>Pilomatrix carcinoma</td></tr><tr><td>81202</td><td>Transitional cell carcinoma in situ</td></tr><tr><td>81203</td><td>Transitional cell carcinoma, NOS</td></tr><tr><td>81213</td><td>Schneiderian carcinoma</td></tr><tr><td>81223</td><td>Transitional cell carcinoma, spindle cell</td></tr><tr><td>81233</td><td>Basaloid carcinoma</td></tr><tr><td>81243</td><td>Cloacogenic carcinoma</td></tr><tr><td>81302</td><td>Papillary transitional cell carcinoma,  non-invasive</td></tr><tr><td>81303</td><td>Papillary transitional cell carcinoma</td></tr><tr><td>81313</td><td>Transitional cell carcinoma, micropapillary</td></tr><tr><td>81402</td><td>Adenocarcinoma in situ, NOS</td></tr><tr><td>81403</td><td>Adenocarcinoma, NOS</td></tr><tr><td>81413</td><td>Scirrhous adenocarcinoma</td></tr><tr><td>81423</td><td>Linitis plastica</td></tr><tr><td>81433</td><td>Superficial spreading adenocarcinoma</td></tr><tr><td>81443</td><td>Adenocarcinoma, intestinal type</td></tr><tr><td>81453</td><td>Carcinoma, diffuse type</td></tr><tr><td>81473</td><td>Basal cell adenocarcinoma</td></tr><tr><td>81482</td><td>Glandular intraepithelial neoplasia, high grade</td></tr><tr><td>81503</td><td>Pancreatic endocrine tumor, NOS</td></tr><tr><td>81513</td><td>Insulinoma, NOS</td></tr><tr><td>81523</td><td>Glucagonoma, NOS</td></tr><tr><td>81533</td><td>Gastrinoma, NOS</td></tr><tr><td>81543</td><td>Mixed neuroendocrine non-neuroendocrine neoplasm (MiNEN)</td></tr><tr><td>81553</td><td>Vipoma, NOS</td></tr><tr><td>81563</td><td>Somatostatinoma, NOS</td></tr><tr><td>81583</td><td>Endocrine tumor, functioning, NOS</td></tr><tr><td>81603</td><td>Cholangiocarcinoma</td></tr><tr><td>81613</td><td>Bile duct cystadenocarcinoma</td></tr><tr><td>81623</td><td>Klatskin tumor</td></tr><tr><td>81632</td><td>Papillary neoplasm, pancreatobiliary-type, with high grade intraepithelial neoplasia</td></tr><tr><td>81633</td><td>Pancreatobiliary-type carcinoma</td></tr><tr><td>81703</td><td>Hepatocellular carcinoma, NOS</td></tr><tr><td>81713</td><td>Hepatocellular carcinoma, fibrolamellar</td></tr><tr><td>81723</td><td>Hepatocellular carcinoma, scirrhous</td></tr><tr><td>81733</td><td>Hepatocellular carcinoma, spindle cell variant</td></tr><tr><td>81743</td><td>Hepatocellular carcinoma, clear cell type</td></tr><tr><td>81753</td><td>Hepatocellular carcinoma, pleomorphic type</td></tr><tr><td>81803</td><td>Combined hepatocellular carcinoma and cholangiocarcinoma</td></tr><tr><td>81903</td><td>Trabecular adenocarcinoma</td></tr><tr><td>82003</td><td>Adenoid cystic carcinoma</td></tr><tr><td>82012</td><td>Cribriform carcinoma in situ</td></tr><tr><td>82013</td><td>Cribriform carcinoma, NOS</td></tr><tr><td>82102</td><td>Adenocarcinoma in situ in adenomatous polyp</td></tr><tr><td>82103</td><td>Adenocarcinoma in adenomatous polyp</td></tr><tr><td>82113</td><td>Tubular adenocarcinoma</td></tr><tr><td>82133</td><td>Serrated adenocarcinoma</td></tr><tr><td>82143</td><td>Parietal cell carcinoma</td></tr><tr><td>82153</td><td>Adenocarcinoma of anal glands</td></tr><tr><td>82203</td><td>Adenocarcinoma in adenomatous polyposis coli</td></tr><tr><td>82213</td><td>Adenocarcinoma in multiple adenomatous polyps</td></tr><tr><td>82302</td><td>Ductal carcinoma in situ, solid type</td></tr><tr><td>82303</td><td>Solid carcinoma, NOS</td></tr><tr><td>82313</td><td>Carcinoma simplex</td></tr><tr><td>82403</td><td>Carcinoid tumor, NOS</td></tr><tr><td>82413</td><td>Enterochromaffin cell carcinoid</td></tr><tr><td>82423</td><td>Enterochromaffin-like cell tumor, malignant</td></tr><tr><td>82433</td><td>Goblet cell carcinoid</td></tr><tr><td>82443</td><td>Mixed adenoneuroendocrine carcinoma</td></tr><tr><td>82453</td><td>Adenocarcinoid tumor</td></tr><tr><td>82463</td><td>Neuroendocrine carcinoma, NOS</td></tr><tr><td>82473</td><td>Merkel cell carcinoma</td></tr><tr><td>82493</td><td>Atypical carcinoid tumor</td></tr><tr><td>82502</td><td>Adenocarcinoma in situ of the lung, non-mucinous</td></tr><tr><td>82503</td><td>Lepidic adenocarcinoma</td></tr><tr><td>82513</td><td>Alveolar adenocarcinoma</td></tr><tr><td>82523</td><td>Bronchiolo-alveolar carcinoma, non- mucinous</td></tr><tr><td>82532</td><td>Adenocarcinoma in situ of the lung, mucinous</td></tr><tr><td>82533</td><td>Bronchiolo-alveolar carcinoma, mucinous</td></tr><tr><td>82543</td><td>Adenocarcinoma of the lung, mixed mucinous and non-mucinous</td></tr><tr><td>82553</td><td>Adenocarcinoma with mixed subtypes</td></tr><tr><td>82563</td><td>Minimally invasive adenocarcinoma, non-mucinous</td></tr><tr><td>82573</td><td>Minimally invasive adenocarcinoma, mucinous</td></tr><tr><td>82603</td><td>Papillary adenocarcinoma, NOS</td></tr><tr><td>82612</td><td>Adenocarcinoma in situ in villous adenoma</td></tr><tr><td>82613</td><td>Adenocarcinoma in villous adenoma</td></tr><tr><td>82623</td><td>Villous adenocarcinoma</td></tr><tr><td>82632</td><td>Adenocarcinoma in situ in tubulovillous adenoma</td></tr><tr><td>82633</td><td>Adenocarcinoma in tubulovillous adenoma</td></tr><tr><td>82653</td><td>Micropapillary carcinoma, NOS</td></tr><tr><td>82703</td><td>Chromophobe carcinoma</td></tr><tr><td>82723</td><td>Pituitary carcinoma, NOS</td></tr><tr><td>82733</td><td>Pituitary blastoma</td></tr><tr><td>82803</td><td>Acidophil carcinoma</td></tr><tr><td>82813</td><td>Mixed acidophil-basophil carcinoma</td></tr><tr><td>82903</td><td>Oxyphilic adenocarcinoma</td></tr><tr><td>83003</td><td>Basophil carcinoma</td></tr><tr><td>83103</td><td>Clear cell adenocarcinoma, NOS</td></tr><tr><td>83113</td><td>Hereditary leiomyomatosis and renal cell carcinoma (HRCC)-associated renal cell carcinoma</td></tr><tr><td>83123</td><td>Succinate dehydrogenase deficient renal cell carcinoma</td></tr><tr><td>83133</td><td>Clear cell adenocarcinofibroma</td></tr><tr><td>83143</td><td>Lipid-rich carcinoma</td></tr><tr><td>83153</td><td>Glycogen-rich carcinoma</td></tr><tr><td>83163</td><td>Cyst-associated renal cell carcinoma</td></tr><tr><td>83173</td><td>Renal cell carcinoma, chromophobe type</td></tr><tr><td>83183</td><td>Renal cell carcinoma, sarcomatoid</td></tr><tr><td>83193</td><td>Collecting duct carcinoma</td></tr><tr><td>83203</td><td>Granular cell carcinoma</td></tr><tr><td>83223</td><td>Water-clear cell adenocarcinoma</td></tr><tr><td>83233</td><td>Mixed cell adenocarcinoma</td></tr><tr><td>83303</td><td>Follicular adenocarcinoma, NOS</td></tr><tr><td>83313</td><td>Follicular adenocarcinoma, well differentiated</td></tr><tr><td>83323</td><td>Follicular adenocarcinoma, trabecular</td></tr><tr><td>83333</td><td>Fetal adenocarcinoma</td></tr><tr><td>83353</td><td>Follicular carcinoma, minimally invasive</td></tr><tr><td>83373</td><td>Insular carcinoma</td></tr><tr><td>83393</td><td>Follicular carcinoma, encapsulated angioinvasive</td></tr><tr><td>83403</td><td>Papillary carcinoma, follicular variant</td></tr><tr><td>83413</td><td>Papillary microcarcinoma</td></tr><tr><td>83423</td><td>Papillary carcinoma, oxyphilic cell</td></tr><tr><td>83433</td><td>Papillary carcinoma, encapsulated</td></tr><tr><td>83443</td><td>Papillary carcinoma, columnar cell</td></tr><tr><td>83453</td><td>Medullary carcinoma with amyloid stroma</td></tr><tr><td>83463</td><td>Mixed medullary-follicular carcinoma</td></tr><tr><td>83473</td><td>Mixed medullary-papillary carcinoma</td></tr><tr><td>83503</td><td>Nonencapsulated sclerosing carcinoma</td></tr><tr><td>83703</td><td>Adrenal cortical carcinoma</td></tr><tr><td>83802</td><td>Endometrioid intraepithelial neoplasia</td></tr><tr><td>83803</td><td>Endometrioid adenocarcinoma, NOS</td></tr><tr><td>83813</td><td>Endometrioid adenofibroma, malignant</td></tr><tr><td>83823</td><td>Endometrioid adenocarcinoma, secretory variant</td></tr><tr><td>83833</td><td>Endometrioid adenocarcinoma, ciliated cell variant</td></tr><tr><td>83843</td><td>Adenocarcinoma, endocervical type</td></tr><tr><td>83903</td><td>Skin appendage carcinoma</td></tr><tr><td>84003</td><td>Sweat gland adenocarcinoma</td></tr><tr><td>84013</td><td>Apocrine adenocarcinoma</td></tr><tr><td>84023</td><td>Nodular hidradenoma, malignant</td></tr><tr><td>84033</td><td>Malignant eccrine spiradenoma</td></tr><tr><td>84063</td><td>Syringocystadenocarcinoma papilliferum</td></tr><tr><td>84073</td><td>Sclerosing sweat duct carcinoma</td></tr><tr><td>84083</td><td>Eccrine papillary adenocarcinoma</td></tr><tr><td>84092</td><td>Porocarcinoma in situ</td></tr><tr><td>84093</td><td>Eccrine poroma, malignant</td></tr><tr><td>84103</td><td>Sebaceous adenocarcinoma</td></tr><tr><td>84133</td><td>Eccrine adenocarcinoma</td></tr><tr><td>84203</td><td>Ceruminous adenocarcinoma</td></tr><tr><td>84303</td><td>Mucoepidermoid carcinoma</td></tr><tr><td>84403</td><td>Cystadenocarcinoma, NOS</td></tr><tr><td>84412</td><td>Serous intraepithelial carcinoma</td></tr><tr><td>84413</td><td>Serous cystadenocarcinoma, NOS</td></tr><tr><td>84503</td><td>Papillary cystadenocarcinoma, NOS</td></tr><tr><td>84523</td><td>Solid pseudopapillary carcinoma</td></tr><tr><td>84532</td><td>Intraductal papillary-mucinous carcinoma, non-invasive</td></tr><tr><td>84533</td><td>Intraductal papillary-mucinous carcinoma, invasive</td></tr><tr><td>84602</td><td>Serous borderline tumor, micropapillary variant</td></tr><tr><td>84603</td><td>Low grade serous carcinoma</td></tr><tr><td>84613</td><td>High grade serous carcinoma</td></tr><tr><td>84702</td><td>Mucinous cystadenocarcinoma, non-invasive</td></tr><tr><td>84703</td><td>Mucinous cystadenocarcinoma, NOS</td></tr><tr><td>84713</td><td>Papillary mucinous cystadenocarcinoma</td></tr><tr><td>84743</td><td>Seromucinous carcinoma</td></tr><tr><td>84803</td><td>Mucinous adenocarcinoma</td></tr><tr><td>84813</td><td>Mucin-producing adenocarcinoma</td></tr><tr><td>84823</td><td>Mucinous adenocarcinoma, endocervical type</td></tr><tr><td>84903</td><td>Signet ring cell carcinoma</td></tr><tr><td>85002</td><td>Intraductal carcinoma, noninfiltrating, NOS</td></tr><tr><td>85003</td><td>Infiltrating duct carcinoma, NOS</td></tr><tr><td>85012</td><td>Comedocarcinoma, noninfiltrating</td></tr><tr><td>85013</td><td>Comedocarcinoma, NOS</td></tr><tr><td>85023</td><td>Secretory carcinoma</td></tr><tr><td>85032</td><td>Noninfiltrating intraductal papillary adenocarcinoma</td></tr><tr><td>85033</td><td>Intraductal papillary adenocarcinoma with invasion</td></tr><tr><td>85042</td><td>Encapsulated papillary carcinoma</td></tr><tr><td>85043</td><td>Encapsulated papillary carcinoma with invasion</td></tr><tr><td>85072</td><td>Intraductal micropapillary carcinoma</td></tr><tr><td>85073</td><td>Invasive micropapillary carcinoma of breast</td></tr><tr><td>85092</td><td>Solid papillary carcinoma in situ</td></tr><tr><td>85093</td><td>Solid papillary carcinoma with invasion</td></tr><tr><td>85103</td><td>Medullary carcinoma, NOS</td></tr><tr><td>85123</td><td>Medullary carcinoma with lymphoid stroma</td></tr><tr><td>85133</td><td>Atypical medullary carcinoma</td></tr><tr><td>85143</td><td>Duct carcinoma, desmoplastic type</td></tr><tr><td>85192</td><td>Lobular carcinoma in situ, pleomorphic</td></tr><tr><td>85202</td><td>Lobular carcinoma in situ, NOS</td></tr><tr><td>85203</td><td>Lobular carcinoma, NOS</td></tr><tr><td>85213</td><td>Infiltrating ductular carcinoma</td></tr><tr><td>85222</td><td>Intraductal carcinoma and lobular carcinoma in situ</td></tr><tr><td>85223</td><td>Infiltrating duct and lobular carcinoma</td></tr><tr><td>85233</td><td>Infiltrating duct mixed with other types of carcinoma</td></tr><tr><td>85243</td><td>Infiltrating lobular mixed with other types of carcinoma</td></tr><tr><td>85253</td><td>Polymorphous adenocarcinoma</td></tr><tr><td>85303</td><td>Inflammatory carcinoma</td></tr><tr><td>85403</td><td>Paget disease, mammary</td></tr><tr><td>85413</td><td>Paget disease and infiltrating duct carcinoma of breast</td></tr><tr><td>85423</td><td>Paget disease, extramammary</td></tr><tr><td>85433</td><td>Paget disease and intraductal carcinoma of breast</td></tr><tr><td>85503</td><td>Acinar cell carcinoma</td></tr><tr><td>85513</td><td>Acinar cell cystadenocarcinoma</td></tr><tr><td>85523</td><td>Mixed acinar-ductal carcinoma</td></tr><tr><td>85603</td><td>Adenosquamous carcinoma</td></tr><tr><td>85623</td><td>Epithelial-myoepithelial carcinoma</td></tr><tr><td>85703</td><td>Adenocarcinoma with squamous metaplasia</td></tr><tr><td>85713</td><td>Adenocarcinoma with cartilaginous and osseous metaplasia</td></tr><tr><td>85723</td><td>Adenocarcinoma with spindle cell metaplasia</td></tr><tr><td>85733</td><td>Adenocarcinoma with apocrine metaplasia</td></tr><tr><td>85743</td><td>Adenocarcinoma with neuroendocrine differentiation</td></tr><tr><td>85753</td><td>Metaplastic carcinoma, NOS</td></tr><tr><td>85763</td><td>Hepatoid adenocarcinoma</td></tr><tr><td>85803</td><td>Thymoma, NOS</td></tr><tr><td>85813</td><td>Thymoma, type A</td></tr><tr><td>85823</td><td>Thymoma, type AB</td></tr><tr><td>85833</td><td>Thymoma, type B1</td></tr><tr><td>85843</td><td>Thymoma, type B2</td></tr><tr><td>85853</td><td>Thymoma, type B3</td></tr><tr><td>85863</td><td>Thymic carcinoma, NOS</td></tr><tr><td>85883</td><td>Spindle epithelial tumor with thymus-like element</td></tr><tr><td>85893</td><td>Carcinoma showing thymus-like element</td></tr><tr><td>86003</td><td>Thecoma, malignant</td></tr><tr><td>86203</td><td>Granulosa cell tumor, NOS</td></tr><tr><td>86303</td><td>Androblastoma, malignant</td></tr><tr><td>86313</td><td>Sertoli-Leydig cell tumor, poorly differentiated</td></tr><tr><td>86343</td><td>Sertoli-Leydig cell tumor, poorly differentiated, with heterologous elements</td></tr><tr><td>86403</td><td>Sertoli cell carcinoma</td></tr><tr><td>86503</td><td>Leydig cell tumor, malignant</td></tr><tr><td>86703</td><td>Steroid cell tumor, malignant</td></tr><tr><td>86803</td><td>Paraganglioma, NOS</td></tr><tr><td>86813</td><td>Sympathetic paraganglioma</td></tr><tr><td>86823</td><td>Parasympathetic paraganglioma</td></tr><tr><td>86903</td><td>Glomus jugulare tumor, NOS</td></tr><tr><td>86913</td><td>Aortic body tumor</td></tr><tr><td>86923</td><td>Carotid body tumor</td></tr><tr><td>86933</td><td>Extra-adrenal paraganglioma, NOS</td></tr><tr><td>87003</td><td>Phaeochromocytoma, NOS</td></tr><tr><td>87103</td><td>Glomangiosarcoma</td></tr><tr><td>87113</td><td>Glomus tumor, malignant</td></tr><tr><td>87143</td><td>Perivascular epithelioid tumor, malignant</td></tr><tr><td>87202</td><td>Melanoma in situ</td></tr><tr><td>87203</td><td>Malignant melanoma, NOS</td></tr><tr><td>87213</td><td>Nodular melanoma</td></tr><tr><td>87223</td><td>Balloon cell melanoma</td></tr><tr><td>87233</td><td>Malignant melanoma, regressing</td></tr><tr><td>87283</td><td>Meningeal melanomatosis</td></tr><tr><td>87303</td><td>Amelanotic melanoma</td></tr><tr><td>87403</td><td>Malignant melanoma in junctional nevus</td></tr><tr><td>87412</td><td>Precancerous melanosis, NOS</td></tr><tr><td>87413</td><td>Malignant melanoma in precancerous melanosis</td></tr><tr><td>87422</td><td>Lentigo maligna</td></tr><tr><td>87423</td><td>Lentigo maligna melanoma</td></tr><tr><td>87433</td><td>Superficial spreading melanoma</td></tr><tr><td>87443</td><td>Acral lentiginous melanoma, malignant</td></tr><tr><td>87453</td><td>Desmoplastic melanoma, malignant</td></tr><tr><td>87463</td><td>Mucosal lentiginous melanoma</td></tr><tr><td>87613</td><td>Malignant melanoma in giant pigmented nevus</td></tr><tr><td>87703</td><td>Mixed epithelioid and spindle cell melanoma</td></tr><tr><td>87713</td><td>Epithelioid cell melanoma</td></tr><tr><td>87723</td><td>Spindle cell melanoma, NOS</td></tr><tr><td>87733</td><td>Spindle cell melanoma, type A</td></tr><tr><td>87743</td><td>Spindle cell melanoma, type B</td></tr><tr><td>87803</td><td>Blue nevus, malignant</td></tr><tr><td>88003</td><td>Sarcoma, NOS</td></tr><tr><td>88013</td><td>Spindle cell sarcoma</td></tr><tr><td>88023</td><td>Giant cell sarcoma</td></tr><tr><td>88033</td><td>Small cell sarcoma</td></tr><tr><td>88043</td><td>Epithelioid sarcoma</td></tr><tr><td>88053</td><td>Undifferentiated sarcoma</td></tr><tr><td>88063</td><td>Desmoplastic small round cell tumor</td></tr><tr><td>88103</td><td>Fibrosarcoma, NOS</td></tr><tr><td>88113</td><td>Myxofibrosarcoma</td></tr><tr><td>88123</td><td>Periosteal fibrosarcoma</td></tr><tr><td>88133</td><td>Fascial fibrosarcoma</td></tr><tr><td>88143</td><td>Infantile fibrosarcoma</td></tr><tr><td>88153</td><td>Solitary fibrous tumor, malignant</td></tr><tr><td>88253</td><td>Myofibroblastic sarcoma</td></tr><tr><td>88303</td><td>Malignant fibrous histiocytoma</td></tr><tr><td>88323</td><td>Dermatofibrosarcoma, sarcomatous</td></tr><tr><td>88403</td><td>Myxosarcoma</td></tr><tr><td>88423</td><td>Ossifying fibromyxoid tumor, malignant</td></tr><tr><td>88503</td><td>Liposarcoma, NOS</td></tr><tr><td>88513</td><td>Liposarcoma, well differentiated</td></tr><tr><td>88523</td><td>Myxoid liposarcoma</td></tr><tr><td>88533</td><td>Round cell liposarcoma</td></tr><tr><td>88543</td><td>Pleomorphic liposarcoma</td></tr><tr><td>88553</td><td>Mixed liposarcoma</td></tr><tr><td>88573</td><td>Fibroblastic liposarcoma</td></tr><tr><td>88583</td><td>Dedifferentiated liposarcoma</td></tr><tr><td>88903</td><td>Leiomyosarcoma, NOS</td></tr><tr><td>88913</td><td>Epithelioid leiomyosarcoma</td></tr><tr><td>88943</td><td>Angiomyosarcoma</td></tr><tr><td>88953</td><td>Myosarcoma</td></tr><tr><td>88963</td><td>Myxoid leiomyosarcoma</td></tr><tr><td>89003</td><td>Rhabdomyosarcoma, NOS</td></tr><tr><td>89013</td><td>Pleomorphic rhabdomyosarcoma, adult type</td></tr><tr><td>89023</td><td>Mixed type rhabdomyosarcoma</td></tr><tr><td>89103</td><td>Embryonal rhabdomyosarcoma, NOS</td></tr><tr><td>89123</td><td>Spindle cell rhabdomyosarcoma</td></tr><tr><td>89203</td><td>Alveolar rhabdomyosarcoma</td></tr><tr><td>89213</td><td>Rhabdomyosarcoma with ganglionic differentiation</td></tr><tr><td>89303</td><td>Endometrial stromal sarcoma, NOS</td></tr><tr><td>89313</td><td>Endometrial stromal sarcoma, low grade</td></tr><tr><td>89333</td><td>Adenosarcoma</td></tr><tr><td>89343</td><td>Carcinofibroma</td></tr><tr><td>89353</td><td>Stromal sarcoma, NOS</td></tr><tr><td>89363</td><td>Gastrointestinal stromal sarcoma</td></tr><tr><td>89403</td><td>Mixed tumor, malignant, NOS</td></tr><tr><td>89413</td><td>Carcinoma in pleomorphic adenoma</td></tr><tr><td>89503</td><td>Mullerian mixed tumor</td></tr><tr><td>89513</td><td>Mesodermal mixed tumor</td></tr><tr><td>89593</td><td>Malignant cystic nephroma</td></tr><tr><td>89603</td><td>Nephroblastoma, NOS</td></tr><tr><td>89633</td><td>Malignant rhabdoid tumor</td></tr><tr><td>89643</td><td>Clear cell sarcoma of kidney</td></tr><tr><td>89703</td><td>Hepatoblastoma</td></tr><tr><td>89713</td><td>Pancreatoblastoma</td></tr><tr><td>89723</td><td>Pulmonary blastoma</td></tr><tr><td>89733</td><td>Pleuropulmonary blastoma</td></tr><tr><td>89803</td><td>Carcinosarcoma, NOS</td></tr><tr><td>89813</td><td>Carcinosarcoma, embryonal</td></tr><tr><td>89823</td><td>Malignant myoepithelioma</td></tr><tr><td>89833</td><td>Adenomyoepithelioma with carcinoma</td></tr><tr><td>89903</td><td>Mesenchymoma, malignant</td></tr><tr><td>89913</td><td>Embryonal sarcoma</td></tr><tr><td>90003</td><td>Brenner tumor, malignant</td></tr><tr><td>90143</td><td>Serous adenocarcinofibroma</td></tr><tr><td>90153</td><td>Mucinous adenocarcinofibroma</td></tr><tr><td>90203</td><td>Phyllodes tumor, malignant</td></tr><tr><td>90403</td><td>Synovial sarcoma, NOS</td></tr><tr><td>90413</td><td>Synovial sarcoma, spindle cell</td></tr><tr><td>90423</td><td>Synovial sarcoma, epithelioid cell</td></tr><tr><td>90433</td><td>Synovial sarcoma, biphasic</td></tr><tr><td>90443</td><td>Clear cell sarcoma, NOS</td></tr><tr><td>90453</td><td>Biphenotypic sinonasal sarcoma</td></tr><tr><td>90503</td><td>Mesothelioma, malignant</td></tr><tr><td>90513</td><td>Fibrous mesothelioma, malignant</td></tr><tr><td>90523</td><td>Epithelioid mesothelioma, malignant</td></tr><tr><td>90533</td><td>Mesothelioma, biphasic, malignant</td></tr><tr><td>90603</td><td>Dysgerminoma</td></tr><tr><td>90613</td><td>Seminoma, NOS</td></tr><tr><td>90623</td><td>Seminoma, anaplastic</td></tr><tr><td>90633</td><td>Spermatocytic seminoma</td></tr><tr><td>90642</td><td>Intratubular malignant germ cells</td></tr><tr><td>90643</td><td>Germinoma</td></tr><tr><td>90653</td><td>Germ cell tumor, nonseminomatous</td></tr><tr><td>90703</td><td>Embryonal carcinoma, NOS</td></tr><tr><td>90713</td><td>Yolk sac tumor</td></tr><tr><td>90723</td><td>Polyembryoma</td></tr><tr><td>90803</td><td>Teratoma, malignant, NOS</td></tr><tr><td>90813</td><td>Teratocarcinoma</td></tr><tr><td>90823</td><td>Malignant teratoma, undifferentiated</td></tr><tr><td>90833</td><td>Malignant teratoma, intermediate</td></tr><tr><td>90843</td><td>Teratoma with malignant transformation</td></tr><tr><td>90853</td><td>Mixed germ cell tumor</td></tr><tr><td>90863</td><td>Germ cell tumor with associated hematological malignancy</td></tr><tr><td>90903</td><td>Struma ovarii, malignant</td></tr><tr><td>91003</td><td>Choriocarcinoma, NOS</td></tr><tr><td>91013</td><td>Choriocarcinoma combined with other germ cell elements</td></tr><tr><td>91023</td><td>Malignant teratoma, trophoblastic</td></tr><tr><td>91053</td><td>Trophoblastic tumor, epithelioid</td></tr><tr><td>91103</td><td>Mesonephroma, malignant</td></tr><tr><td>91203</td><td>Hemangiosarcoma</td></tr><tr><td>91243</td><td>Kupffer cell sarcoma</td></tr><tr><td>91303</td><td>Hemangioendothelioma, malignant</td></tr><tr><td>91333</td><td>Epithelioid hemangioendothelioma, NOS</td></tr><tr><td>91373</td><td>Intimal sarcoma</td></tr><tr><td>91403</td><td>Kaposi sarcoma</td></tr><tr><td>91503</td><td>Hemangiopericytoma, malignant</td></tr><tr><td>91703</td><td>Lymphangiosarcoma</td></tr><tr><td>91803</td><td>Osteosarcoma, NOS</td></tr><tr><td>91813</td><td>Chondroblastic osteosarcoma</td></tr><tr><td>91823</td><td>Fibroblastic osteosarcoma</td></tr><tr><td>91833</td><td>Telangiectatic osteosarcoma</td></tr><tr><td>91843</td><td>Osteosarcoma in Paget disease of bone</td></tr><tr><td>91853</td><td>Small cell osteosarcoma</td></tr><tr><td>91863</td><td>Central osteosarcoma</td></tr><tr><td>91873</td><td>Intraosseous well differentiated osteosarcoma</td></tr><tr><td>91923</td><td>Parosteal osteosarcoma</td></tr><tr><td>91933</td><td>Periosteal osteosarcoma</td></tr><tr><td>91943</td><td>High grade surface osteosarcoma</td></tr><tr><td>91953</td><td>Intracortical osteosarcoma</td></tr><tr><td>92203</td><td>Chondrosarcoma, NOS</td></tr><tr><td>92213</td><td>Juxtacortical chondrosarcoma</td></tr><tr><td>92303</td><td>Chondroblastoma, malignant</td></tr><tr><td>92313</td><td>Myxoid chondrosarcoma</td></tr><tr><td>92403</td><td>Mesenchymal chondrosarcoma</td></tr><tr><td>92423</td><td>Clear cell chondrosarcoma</td></tr><tr><td>92433</td><td>Dedifferentiated chondrosarcoma</td></tr><tr><td>92503</td><td>Giant cell tumor of bone, malignant</td></tr><tr><td>92513</td><td>Malignant giant cell tumor of soft parts</td></tr><tr><td>92523</td><td>Malignant tenosynovial giant cell tumor</td></tr><tr><td>92603</td><td>Ewing sarcoma</td></tr><tr><td>92613</td><td>Adamantinoma of long bones</td></tr><tr><td>92703</td><td>Odontogenic tumor, malignant</td></tr><tr><td>92903</td><td>Ameloblastic odontosarcoma</td></tr><tr><td>93023</td><td>Ghost cell odontogenic carcinoma</td></tr><tr><td>93103</td><td>Ameloblastoma, malignant</td></tr><tr><td>93303</td><td>Ameloblastic fibrosarcoma</td></tr><tr><td>93413</td><td>Clear cell odontogenic carcinoma</td></tr><tr><td>93423</td><td>Odontogenic carcinosarcoma</td></tr><tr><td>93623</td><td>Pineoblastoma</td></tr><tr><td>93643</td><td>Peripheral neuroectodermal tumor</td></tr><tr><td>93653</td><td>Askin tumor</td></tr><tr><td>93703</td><td>Chordoma, NOS</td></tr><tr><td>93713</td><td>Chondroid chordoma</td></tr><tr><td>93723</td><td>Dedifferentiated chordoma</td></tr><tr><td>93803</td><td>Glioma, malignant</td></tr><tr><td>93813</td><td>Gliomatosis cerebri</td></tr><tr><td>93823</td><td>Mixed glioma</td></tr><tr><td>93853</td><td>Diffuse midline glioma, H3 K27M-mutant</td></tr><tr><td>93903</td><td>Choroid plexus carcinoma</td></tr><tr><td>93913</td><td>Ependymoma, NOS</td></tr><tr><td>93923</td><td>Ependymoma, anaplastic</td></tr><tr><td>93933</td><td>Papillary ependymoma</td></tr><tr><td>93953</td><td>Papillary tumor of the pineal region</td></tr><tr><td>93963</td><td>Ependymoma, RELA fusion-positive</td></tr><tr><td>94003</td><td>Astrocytoma, NOS</td></tr><tr><td>94013</td><td>Astrocytoma, anaplastic</td></tr><tr><td>94103</td><td>Protoplasmic astrocytoma</td></tr><tr><td>94113</td><td>Gemistocytic astrocytoma</td></tr><tr><td>94203</td><td>Fibrillary astrocytoma</td></tr><tr><td>94233</td><td>Polar spongioblastoma</td></tr><tr><td>94243</td><td>Pleomorphic xanthoastrocytoma</td></tr><tr><td>94253</td><td>Pilomyxoid astrocytoma</td></tr><tr><td>94303</td><td>Astroblastoma</td></tr><tr><td>94403</td><td>Glioblastoma, NOS</td></tr><tr><td>94413</td><td>Giant cell glioblastoma</td></tr><tr><td>94423</td><td>Gliosarcoma</td></tr><tr><td>94453</td><td>Glioblastoma, IDH-mutant</td></tr><tr><td>94503</td><td>Oligodendroglioma, NOS</td></tr><tr><td>94513</td><td>Oligodendroglioma, anaplastic</td></tr><tr><td>94603</td><td>Oligodendroblastoma</td></tr><tr><td>94703</td><td>Medulloblastoma, NOS</td></tr><tr><td>94713</td><td>Desmoplastic nodular medulloblastoma</td></tr><tr><td>94723</td><td>Medullomyoblastoma</td></tr><tr><td>94733</td><td>Primitive neuroectodermal tumor, NOS</td></tr><tr><td>94743</td><td>Large cell medulloblastoma</td></tr><tr><td>94753</td><td>Medulloblastoma, WNT-activated, classic</td></tr><tr><td>94763</td><td>Medulloblastoma, SHH-activated and TP53-mutant</td></tr><tr><td>94773</td><td>Meduloblastoma, non-WNT/non-SHH</td></tr><tr><td>94783</td><td>Embryonal tumor with multilayered rosettes with C19MC alteration</td></tr><tr><td>94803</td><td>Cerebellar sarcoma, NOS</td></tr><tr><td>94903</td><td>Ganglioneuroblastoma</td></tr><tr><td>95003</td><td>Neuroblastoma, NOS</td></tr><tr><td>95013</td><td>Medulloepithelioma, NOS</td></tr><tr><td>95023</td><td>Teratoid medulloepithelioma</td></tr><tr><td>95033</td><td>Neuroepithelioma, NOS</td></tr><tr><td>95043</td><td>Spongioneuroblastoma</td></tr><tr><td>95053</td><td>Ganglioglioma, anaplastic</td></tr><tr><td>95083</td><td>Atypical teratoid/rhabdoid tumor</td></tr><tr><td>95103</td><td>Retinoblastoma, NOS</td></tr><tr><td>95113</td><td>Retinoblastoma, differentiated</td></tr><tr><td>95123</td><td>Retinoblastoma, undifferentiated</td></tr><tr><td>95133</td><td>Retinoblastoma, diffuse</td></tr><tr><td>95203</td><td>Olfactory neurogenic tumor</td></tr><tr><td>95213</td><td>Olfactory neurocytoma</td></tr><tr><td>95223</td><td>Olfactory neuroblastoma</td></tr><tr><td>95233</td><td>Olfactory neuroepithelioma</td></tr><tr><td>95303</td><td>Meningioma, malignant</td></tr><tr><td>95383</td><td>Papillary meningioma</td></tr><tr><td>95393</td><td>Meningeal sarcomatosis</td></tr><tr><td>95403</td><td>Malignant peripheral nerve sheath tumor</td></tr><tr><td>95423</td><td>Malignant peripheral nerve sheath tumor, epithelioid</td></tr><tr><td>95603</td><td>Neurilemoma, malignant</td></tr><tr><td>95613</td><td>Malignant peripheral nerve sheath tumor with rhabdomyoblastic differentiation</td></tr><tr><td>95713</td><td>Perineurioma, malignant</td></tr><tr><td>95803</td><td>Granular cell tumor, malignant</td></tr><tr><td>95813</td><td>Alveolar soft part sarcoma</td></tr><tr><td>95903</td><td>Malignant lymphoma, NOS</td></tr><tr><td>95913</td><td>Malignant lymphoma, non-Hodgkin, NOS</td></tr><tr><td>95963</td><td>Composite Hodgkin and non-Hodgkin lymphoma</td></tr><tr><td>95973</td><td>Primary cutaneous follicle centre lymphoma</td></tr><tr><td>96503</td><td>Hodgkin lymphoma, NOS</td></tr><tr><td>96513</td><td>Hodgkin lymphoma, lymphocyte-rich</td></tr><tr><td>96523</td><td>Hodgkin lymphoma, mixed cellularity, NOS</td></tr><tr><td>96533</td><td>Hodgkin lymphoma, lymphocyte depletion, NOS</td></tr><tr><td>96543</td><td>Hodgkin lymphoma, lymphocyte depletion, diffuse fibrosis</td></tr><tr><td>96553</td><td>Hodgkin lymphoma, lymphocyte depletion, reticular</td></tr><tr><td>96593</td><td>Hodgkin lymphoma, nodular lymphocyte predominance</td></tr><tr><td>96613</td><td>Hodgkin granuloma</td></tr><tr><td>96623</td><td>Hodgkin sarcoma</td></tr><tr><td>96633</td><td>Hodgkin lymphoma, nodular sclerosis, NOS</td></tr><tr><td>96643</td><td>Hodgkin lymphoma, nodular sclerosis, cellular phase</td></tr><tr><td>96653</td><td>Hodgkin lymphoma, nodular sclerosis,  grade 1</td></tr><tr><td>96673</td><td>Hodgkin lymphoma, nodular sclerosis,  grade 2</td></tr><tr><td>96703</td><td>Malignant lymphoma, small B lymphocytic, NOS</td></tr><tr><td>96713</td><td>Malignant lymphoma, lymphoplasmacytic</td></tr><tr><td>96733</td><td>Mantle cell lymphoma</td></tr><tr><td>96753</td><td>Malignant lymphoma, mixed small and large cell, diffuse</td></tr><tr><td>96783</td><td>Primary effusion lymphoma</td></tr><tr><td>96793</td><td>Mediastinal large B-cell lymphoma</td></tr><tr><td>96803</td><td>Malignant lymphoma, large B-cell, diffuse, NOS</td></tr><tr><td>96843</td><td>Malignant lymphoma, large B-cell, diffuse, immunoblastic, NOS</td></tr><tr><td>96873</td><td>Burkitt lymphoma, NOS</td></tr><tr><td>96883</td><td>T-cell/histiocyte rich large B-cell lymphoma</td></tr><tr><td>96893</td><td>Splenic marginal zone B-cell lymphoma</td></tr><tr><td>96903</td><td>Follicular lymphoma, NOS</td></tr><tr><td>96913</td><td>Follicular lymphoma, grade 2</td></tr><tr><td>96953</td><td>Follicular lymphoma, grade 1</td></tr><tr><td>96983</td><td>Follicular lymphoma, grade 3</td></tr><tr><td>96993</td><td>Marginal zone B-cell lymphoma, NOS</td></tr><tr><td>97003</td><td>Mycosis fungoides</td></tr><tr><td>97013</td><td>Sezary syndrome</td></tr><tr><td>97023</td><td>Mature T-cell lymphoma, NOS</td></tr><tr><td>97053</td><td>Angioimmunoblastic T-cell lymphoma</td></tr><tr><td>97083</td><td>Subcutaneous panniculitis-like T-cell lymphoma</td></tr><tr><td>97093</td><td>Cutaneous T-cell lymphoma, NOS</td></tr><tr><td>97123</td><td>Intravascular large B-cell lymphoma</td></tr><tr><td>97143</td><td>Anaplastic large cell lymphoma, T cell and Null cell type</td></tr><tr><td>97153</td><td>Anaplastic large cell lymphoma, ALK negative</td></tr><tr><td>97163</td><td>Hepatosplenic T-cell lymphoma</td></tr><tr><td>97173</td><td>Intestinal T-cell lymphoma</td></tr><tr><td>97183</td><td>Primary cutaneous anaplastic large cell lymphoma</td></tr><tr><td>97193</td><td>NK/T-cell lymphoma, nasal and nasal-type</td></tr><tr><td>97243</td><td>Systemic EBV positive T-cell lymphoproliferative disease of childhood</td></tr><tr><td>97263</td><td>Primary cutaneous gamma-delta T-cell lymphoma</td></tr><tr><td>97273</td><td>Precursor cell lymphoblastic lymphoma, NOS</td></tr><tr><td>97283</td><td>Precursor B-cell lymphoblastic lymphoma</td></tr><tr><td>97293</td><td>Precursor T-cell lymphoblastic lymphoma</td></tr><tr><td>97313</td><td>Plasmacytoma, NOS</td></tr><tr><td>97323</td><td>Multiple myeloma</td></tr><tr><td>97333</td><td>Plasma cell leukemia</td></tr><tr><td>97343</td><td>Plasmacytoma, extramedullary</td></tr><tr><td>97353</td><td>Plasmablastic lymphoma</td></tr><tr><td>97373</td><td>ALK positive large B-cell lymphoma</td></tr><tr><td>97383</td><td>Large B-cell lymphoma arising in HHV8-associated multicentric Castleman disease</td></tr><tr><td>97403</td><td>Mast cell sarcoma</td></tr><tr><td>97413</td><td>Malignant mastocytosis</td></tr><tr><td>97423</td><td>Mast cell leukemia</td></tr><tr><td>97493</td><td>Erdheim-Chester disease</td></tr><tr><td>97503</td><td>Malignant histiocytosis</td></tr><tr><td>97513</td><td>Langerhans cell histiocytosis, disseminated</td></tr><tr><td>97553</td><td>Histiocytic sarcoma</td></tr><tr><td>97563</td><td>Langerhans cell sarcoma</td></tr><tr><td>97573</td><td>Interdigitating dendritic cell sarcoma</td></tr><tr><td>97583</td><td>Follicular dendritic cell sarcoma</td></tr><tr><td>97593</td><td>Fibroblastic reticular cell tumor</td></tr><tr><td>97603</td><td>Immunoproliferative disease, NOS</td></tr><tr><td>97613</td><td>Waldenstrom macroglobulinemia</td></tr><tr><td>97623</td><td>Heavy chain disease, NOS</td></tr><tr><td>97643</td><td>Immunoproliferative small intestinal disease</td></tr><tr><td>97663</td><td>Lymphomatoid granulomatosis, grade 3</td></tr><tr><td>98003</td><td>Leukemia, NOS</td></tr><tr><td>98013</td><td>Acute leukemia, NOS</td></tr><tr><td>98053</td><td>Acute biphenotypic leukemia</td></tr><tr><td>98063</td><td>Mixed phenotype acute leukemia with t(9;22)(q34;q11.2); BCR-ABL1</td></tr><tr><td>98073</td><td>Mixed phenotype acute leukemia with t(v;11q23); MLL rearranged</td></tr><tr><td>98083</td><td>Mixed phenotype acute leukemia, B/myeloid, NOS</td></tr><tr><td>98093</td><td>Mixed phenotype acute leukemia, T/myeloid, NOS</td></tr><tr><td>98113</td><td>B lymphoblastic leukemia/lymphoma, NOS</td></tr><tr><td>98123</td><td>B lymphoblastic leukemia/lymphoma with t(9;22)(q34;q11.2); BCR-ABL1</td></tr><tr><td>98133</td><td>B lymphoblastic leukemia/lymphoma with t(v;11q23); MLL rearranged</td></tr><tr><td>98143</td><td>B lymphoblastic leukemia/lymphoma with t(12;21)(p13;q22); TEL-AML1 (ETV6-RUNX1)</td></tr><tr><td>98153</td><td>B lymphoblastic leukemia/lymphoma with hyperdiploidy</td></tr><tr><td>98163</td><td>B lymphoblastic leukemia/lymphoma with hypodiploidy (Hypodiploid ALL)</td></tr><tr><td>98173</td><td>B lymphoblastic leukemia/lymphoma with t(5;14)(q31;q32); IL3-IGH</td></tr><tr><td>98183</td><td>B lymphoblastic leukemia/lymphoma with t(1;19)(q23;p13.3); E2A-PBX1 (TCF3-PBX1)</td></tr><tr><td>98193</td><td>B lymphoblastic leukemia/lymphoma, BCR-ABL1–like</td></tr><tr><td>98203</td><td>Lymphoid leukemia, NOS</td></tr><tr><td>98233</td><td>B-cell chronic lymphocytic leukemia/small lymphocytic lymphoma</td></tr><tr><td>98263</td><td>Burkitt cell leukemia</td></tr><tr><td>98273</td><td>Adult T-cell leukemia/lymphoma (HTLV-1 positive)</td></tr><tr><td>98313</td><td>T-cell large granular lymphocytic leukemia</td></tr><tr><td>98323</td><td>Prolymphocytic leukemia, NOS</td></tr><tr><td>98333</td><td>Prolymphocytic leukemia, B-cell type</td></tr><tr><td>98343</td><td>Prolymphocytic leukemia, T-cell type</td></tr><tr><td>98353</td><td>Precursor cell lymphoblastic leukemia, NOS</td></tr><tr><td>98363</td><td>Precursor B-cell lymphoblastic leukemia</td></tr><tr><td>98373</td><td>Precursor T-cell lymphoblastic leukemia</td></tr><tr><td>98403</td><td>Acute myeloid leukemia, M6 type</td></tr><tr><td>98603</td><td>Myeloid leukemia, NOS</td></tr><tr><td>98613</td><td>Acute myeloid leukemia, NOS</td></tr><tr><td>98633</td><td>Chronic myeloid leukemia, NOS</td></tr><tr><td>98653</td><td>Acute myeloid leukemia with t(6;9)(p23;q34); DEK-NUP214</td></tr><tr><td>98663</td><td>Acute promyelocytic leukemia, t(15;17)(q22;q11-12)</td></tr><tr><td>98673</td><td>Acute myelomonocytic leukemia</td></tr><tr><td>98693</td><td>Acute myeloid leukemia with inv(3)(q21;q26.2) or t(13.3)(q21;q26.2); RPN1-EVI1</td></tr><tr><td>98703</td><td>Acute basophilic leukemia</td></tr><tr><td>98713</td><td>Acute myeloid leukemia with abnormal marrow eosinophils</td></tr><tr><td>98723</td><td>Acute myeloid leukemia, minimal differentiation</td></tr><tr><td>98733</td><td>Acute myeloid leukemia without maturation</td></tr><tr><td>98743</td><td>Acute myeloid leukemia with maturation</td></tr><tr><td>98753</td><td>Chronic myelogenous leukemia, BCR/ABL  positive</td></tr><tr><td>98763</td><td>Atypical chronic myeloid leukemia, BCR/ABL negative</td></tr><tr><td>98773</td><td>Acute myeloid leukemia with mutated NPM1</td></tr><tr><td>98783</td><td>Acute myeloid leukemia with biallelic mutation of CEBPA</td></tr><tr><td>98793</td><td>Acute myeloid leukemia with mutated RUNX1</td></tr><tr><td>98913</td><td>Acute monocytic leukemia</td></tr><tr><td>98953</td><td>Acute myeloid leukemia with myelodysplasia-related changes</td></tr><tr><td>98963</td><td>Acute myeloid leukemia, t(8;21)(q22;q22)</td></tr><tr><td>98973</td><td>Acute myeloid leukemia, 11q23 abnormalities</td></tr><tr><td>98983</td><td>Myeloid leukemia associated with Down Syndrome</td></tr><tr><td>99103</td><td>Acute megakaryoblastic leukemia</td></tr><tr><td>99113</td><td>Acute myeloid leukemia (megakaryoblastic) with t(1;22)(p13;q13); RBM15-MKL1</td></tr><tr><td>99123</td><td>Acute myleoid leukemia with BCR-ABL1</td></tr><tr><td>99203</td><td>Therapy related myeloid neoplasm</td></tr><tr><td>99303</td><td>Myeloid sarcoma</td></tr><tr><td>99313</td><td>Acute panmyelosis with myelofibrosis</td></tr><tr><td>99403</td><td>Hairy cell leukemia</td></tr><tr><td>99453</td><td>Chronic myelomonocytic leukemia, NOS</td></tr><tr><td>99463</td><td>Juvenile myelomonocytic leukemia</td></tr><tr><td>99483</td><td>Aggressive NK-cell leukemia</td></tr><tr><td>99503</td><td>Polycythemia vera</td></tr><tr><td>99603</td><td>Myeloproliferative neoplasm, NOS</td></tr><tr><td>99613</td><td>Primary myelofibrosis</td></tr><tr><td>99623</td><td>Essential thrombocythemia</td></tr><tr><td>99633</td><td>Chronic neutrophilic leukemia</td></tr><tr><td>99643</td><td>Chronic eosinophilic leukemia, NOS</td></tr><tr><td>99653</td><td>Myeloid and lymphoid neoplasms with PDGFRA rearrangement</td></tr><tr><td>99663</td><td>Myeloid neoplasms with PDGFRB rearrangement</td></tr><tr><td>99673</td><td>Myeloid and lymphoid neoplasms with FGFR1 abnormalities</td></tr><tr><td>99683</td><td>Myeloid and lymphoid neoplasms with PCM1-JAK2</td></tr><tr><td>99753</td><td>Myeloproliferative neoplasm, unclassifiable</td></tr><tr><td>99803</td><td>Refractory anemia</td></tr><tr><td>99823</td><td>Refractory anemia with sideroblasts</td></tr><tr><td>99833</td><td>Refractory anemia with excess blasts</td></tr><tr><td>99843</td><td>Refractory anemia with excess blasts in transformation</td></tr><tr><td>99853</td><td>Refractory cytopenia with multilineage dysplasia</td></tr><tr><td>99863</td><td>Myelodysplastic syndrome with 5q deletion (5q-) syndrome</td></tr><tr><td>99873</td><td>Therapy-related myelodysplastic syndrome, NOS</td></tr><tr><td>99893</td><td>Myelodysplastic syndrome, NOS</td></tr><tr><td>99913</td><td>Refractory neutropenia</td></tr><tr><td>99923</td><td>Refractory thrombocytopenia</td></tr><tr><td>99933</td><td>Myelodysplastic syndrome with ring sideroblasts and multilineage dysplasia</td></tr></table></li></ul></div>"},"url":"http://mitwfhir.dicom.org.tw/fhir/ValueSet/ICD-O-3-Morphology","version":"0.1.0","name":"Morphology","title":"ICD-O-3 Morphology","status":"draft","date":"2023-04-19T19:56:19+08:00","publisher":"CYLAB","description":"ICD-O-3 Morphology","compose":{"include":[{"system":"http://terminology.hl7.org/CodeSystem/icd-o-3","concept":[{"code":"80003","display":"Neoplasm, malignant"},{"code":"80013","display":"Tumor cells, malignant"},{"code":"80023","display":"Malignant tumor, small cell type"},{"code":"80033","display":"Malignant tumor, giant cell type"},{"code":"80043","display":"Malignant tumor, spindle cell type"},{"code":"80053","display":"Malignant tumor, clear cell type"},{"code":"80102","display":"Carcinoma in situ, NOS"},{"code":"80103","display":"Carcinoma, NOS"},{"code":"80113","display":"Epithelioma, malignant"},{"code":"80123","display":"Large cell carcinoma, NOS"},{"code":"80133","display":"Large cell neuroendocrine carcinoma"},{"code":"80143","display":"Large cell carcinoma with rhabdoid phenotype"},{"code":"80153","display":"Glassy cell carcinoma"},{"code":"80203","display":"Carcinoma, undifferentiated, NOS"},{"code":"80213","display":"Carcinoma, anaplastic, NOS"},{"code":"80223","display":"Pleomorphic carcinoma"},{"code":"80233","display":"Nuclear protein in testis (NUT) associated carcinoma"},{"code":"80303","display":"Giant cell and spindle cell carcinoma"},{"code":"80313","display":"Giant cell carcinoma"},{"code":"80323","display":"Spindle cell carcinoma, NOS"},{"code":"80333","display":"Pseudosarcomatous carcinoma"},{"code":"80343","display":"Polygonal cell carcinoma"},{"code":"80353","display":"Carcinoma with osteoclast-like giant cells"},{"code":"80413","display":"Small cell carcinoma, NOS"},{"code":"80423","display":"Oat cell carcinoma"},{"code":"80433","display":"Small cell carcinoma, fusiform cell"},{"code":"80443","display":"Small cell carcinoma, intermediate cell"},{"code":"80453","display":"Combined small cell carcinoma"},{"code":"80463","display":"Non-small cell carcinoma"},{"code":"80502","display":"Papillary carcinoma in situ"},{"code":"80503","display":"Papillary carcinoma, NOS"},{"code":"80513","display":"Verrucous carcinoma, NOS"},{"code":"80522","display":"Papillary squamous cell carcinoma,  non-invasive"},{"code":"80523","display":"Papillary squamous cell carcinoma"},{"code":"80543","display":"Warty carcinoma"},{"code":"80702","display":"Squamous cell carcinoma in situ, NOS"},{"code":"80703","display":"Squamous cell carcinoma, NOS"},{"code":"80712","display":"Differentiated intraepithelial neoplasia"},{"code":"80713","display":"Squamous cell carcinoma, keratinizing, NOS"},{"code":"80723","display":"Squamous cell carcinoma, large cell, nonkeratinizing, NOS"},{"code":"80733","display":"Squamous cell carcinoma, small cell, nonkeratinizing"},{"code":"80743","display":"Squamous cell carcinoma, spindle cell"},{"code":"80753","display":"Squamous cell carcinoma, adenoid"},{"code":"80762","display":"Squamous cell carcinoma in situ with questionable stromal invasion"},{"code":"80763","display":"Squamous cell carcinoma, microinvasive"},{"code":"80772","display":"Squamous intraepithelial neoplasia, high grade"},{"code":"80783","display":"Squamous cell carcinoma with horn formation"},{"code":"80802","display":"Queyrat erythroplasia"},{"code":"80812","display":"Bowen disease"},{"code":"80823","display":"Lymphoepithelial carcinoma"},{"code":"80833","display":"Basaloid squamous cell carcinoma"},{"code":"80843","display":"Squamous cell carcinoma, clear cell type"},{"code":"80853","display":"Squamous cell carcinoma, HPV-positive"},{"code":"80863","display":"Squamous cell carcinoma, HPV-negative"},{"code":"80903","display":"Basal cell carcinoma, NOS"},{"code":"80913","display":"Multifocal superficial basal cell carcinoma"},{"code":"80923","display":"Infiltrating basal cell carcinoma, NOS"},{"code":"80933","display":"Basal cell carcinoma, fibroepithelial"},{"code":"80943","display":"Basosquamous carcinoma"},{"code":"80953","display":"Metatypical carcinoma"},{"code":"80973","display":"Basal cell carcinoma, nodular"},{"code":"80983","display":"Adenoid basal carcinoma"},{"code":"81003","display":"Trichoblastic carcinoma"},{"code":"81023","display":"Trichilemmocarcinoma"},{"code":"81103","display":"Pilomatrix carcinoma"},{"code":"81202","display":"Transitional cell carcinoma in situ"},{"code":"81203","display":"Transitional cell carcinoma, NOS"},{"code":"81213","display":"Schneiderian carcinoma"},{"code":"81223","display":"Transitional cell carcinoma, spindle cell"},{"code":"81233","display":"Basaloid carcinoma"},{"code":"81243","display":"Cloacogenic carcinoma"},{"code":"81302","display":"Papillary transitional cell carcinoma,  non-invasive"},{"code":"81303","display":"Papillary transitional cell carcinoma"},{"code":"81313","display":"Transitional cell carcinoma, micropapillary"},{"code":"81402","display":"Adenocarcinoma in situ, NOS"},{"code":"81403","display":"Adenocarcinoma, NOS"},{"code":"81413","display":"Scirrhous adenocarcinoma"},{"code":"81423","display":"Linitis plastica"},{"code":"81433","display":"Superficial spreading adenocarcinoma"},{"code":"81443","display":"Adenocarcinoma, intestinal type"},{"code":"81453","display":"Carcinoma, diffuse type"},{"code":"81473","display":"Basal cell adenocarcinoma"},{"code":"81482","display":"Glandular intraepithelial neoplasia, high grade"},{"code":"81503","display":"Pancreatic endocrine tumor, NOS"},{"code":"81513","display":"Insulinoma, NOS"},{"code":"81523","display":"Glucagonoma, NOS"},{"code":"81533","display":"Gastrinoma, NOS"},{"code":"81543","display":"Mixed neuroendocrine non-neuroendocrine neoplasm (MiNEN)"},{"code":"81553","display":"Vipoma, NOS"},{"code":"81563","display":"Somatostatinoma, NOS"},{"code":"81583","display":"Endocrine tumor, functioning, NOS"},{"code":"81603","display":"Cholangiocarcinoma"},{"code":"81613","display":"Bile duct cystadenocarcinoma"},{"code":"81623","display":"Klatskin tumor"},{"code":"81632","display":"Papillary neoplasm, pancreatobiliary-type, with high grade intraepithelial neoplasia"},{"code":"81633","display":"Pancreatobiliary-type carcinoma"},{"code":"81703","display":"Hepatocellular carcinoma, NOS"},{"code":"81713","display":"Hepatocellular carcinoma, fibrolamellar"},{"code":"81723","display":"Hepatocellular carcinoma, scirrhous"},{"code":"81733","display":"Hepatocellular carcinoma, spindle cell variant"},{"code":"81743","display":"Hepatocellular carcinoma, clear cell type"},{"code":"81753","display":"Hepatocellular carcinoma, pleomorphic type"},{"code":"81803","display":"Combined hepatocellular carcinoma and cholangiocarcinoma"},{"code":"81903","display":"Trabecular adenocarcinoma"},{"code":"82003","display":"Adenoid cystic carcinoma"},{"code":"82012","display":"Cribriform carcinoma in situ"},{"code":"82013","display":"Cribriform carcinoma, NOS"},{"code":"82102","display":"Adenocarcinoma in situ in adenomatous polyp"},{"code":"82103","display":"Adenocarcinoma in adenomatous polyp"},{"code":"82113","display":"Tubular adenocarcinoma"},{"code":"82133","display":"Serrated adenocarcinoma"},{"code":"82143","display":"Parietal cell carcinoma"},{"code":"82153","display":"Adenocarcinoma of anal glands"},{"code":"82203","display":"Adenocarcinoma in adenomatous polyposis coli"},{"code":"82213","display":"Adenocarcinoma in multiple adenomatous polyps"},{"code":"82302","display":"Ductal carcinoma in situ, solid type"},{"code":"82303","display":"Solid carcinoma, NOS"},{"code":"82313","display":"Carcinoma simplex"},{"code":"82403","display":"Carcinoid tumor, NOS"},{"code":"82413","display":"Enterochromaffin cell carcinoid"},{"code":"82423","display":"Enterochromaffin-like cell tumor, malignant"},{"code":"82433","display":"Goblet cell carcinoid"},{"code":"82443","display":"Mixed adenoneuroendocrine carcinoma"},{"code":"82453","display":"Adenocarcinoid tumor"},{"code":"82463","display":"Neuroendocrine carcinoma, NOS"},{"code":"82473","display":"Merkel cell carcinoma"},{"code":"82493","display":"Atypical carcinoid tumor"},{"code":"82502","display":"Adenocarcinoma in situ of the lung, non-mucinous"},{"code":"82503","display":"Lepidic adenocarcinoma"},{"code":"82513","display":"Alveolar adenocarcinoma"},{"code":"82523","display":"Bronchiolo-alveolar carcinoma, non- mucinous"},{"code":"82532","display":"Adenocarcinoma in situ of the lung, mucinous"},{"code":"82533","display":"Bronchiolo-alveolar carcinoma, mucinous"},{"code":"82543","display":"Adenocarcinoma of the lung, mixed mucinous and non-mucinous"},{"code":"82553","display":"Adenocarcinoma with mixed subtypes"},{"code":"82563","display":"Minimally invasive adenocarcinoma, non-mucinous"},{"code":"82573","display":"Minimally invasive adenocarcinoma, mucinous"},{"code":"82603","display":"Papillary adenocarcinoma, NOS"},{"code":"82612","display":"Adenocarcinoma in situ in villous adenoma"},{"code":"82613","display":"Adenocarcinoma in villous adenoma"},{"code":"82623","display":"Villous adenocarcinoma"},{"code":"82632","display":"Adenocarcinoma in situ in tubulovillous adenoma"},{"code":"82633","display":"Adenocarcinoma in tubulovillous adenoma"},{"code":"82653","display":"Micropapillary carcinoma, NOS"},{"code":"82703","display":"Chromophobe carcinoma"},{"code":"82723","display":"Pituitary carcinoma, NOS"},{"code":"82733","display":"Pituitary blastoma"},{"code":"82803","display":"Acidophil carcinoma"},{"code":"82813","display":"Mixed acidophil-basophil carcinoma"},{"code":"82903","display":"Oxyphilic adenocarcinoma"},{"code":"83003","display":"Basophil carcinoma"},{"code":"83103","display":"Clear cell adenocarcinoma, NOS"},{"code":"83113","display":"Hereditary leiomyomatosis and renal cell carcinoma (HRCC)-associated renal cell carcinoma"},{"code":"83123","display":"Succinate dehydrogenase deficient renal cell carcinoma"},{"code":"83133","display":"Clear cell adenocarcinofibroma"},{"code":"83143","display":"Lipid-rich carcinoma"},{"code":"83153","display":"Glycogen-rich carcinoma"},{"code":"83163","display":"Cyst-associated renal cell carcinoma"},{"code":"83173","display":"Renal cell carcinoma, chromophobe type"},{"code":"83183","display":"Renal cell carcinoma, sarcomatoid"},{"code":"83193","display":"Collecting duct carcinoma"},{"code":"83203","display":"Granular cell carcinoma"},{"code":"83223","display":"Water-clear cell adenocarcinoma"},{"code":"83233","display":"Mixed cell adenocarcinoma"},{"code":"83303","display":"Follicular adenocarcinoma, NOS"},{"code":"83313","display":"Follicular adenocarcinoma, well differentiated"},{"code":"83323","display":"Follicular adenocarcinoma, trabecular"},{"code":"83333","display":"Fetal adenocarcinoma"},{"code":"83353","display":"Follicular carcinoma, minimally invasive"},{"code":"83373","display":"Insular carcinoma"},{"code":"83393","display":"Follicular carcinoma, encapsulated angioinvasive"},{"code":"83403","display":"Papillary carcinoma, follicular variant"},{"code":"83413","display":"Papillary microcarcinoma"},{"code":"83423","display":"Papillary carcinoma, oxyphilic cell"},{"code":"83433","display":"Papillary carcinoma, encapsulated"},{"code":"83443","display":"Papillary carcinoma, columnar cell"},{"code":"83453","display":"Medullary carcinoma with amyloid stroma"},{"code":"83463","display":"Mixed medullary-follicular carcinoma"},{"code":"83473","display":"Mixed medullary-papillary carcinoma"},{"code":"83503","display":"Nonencapsulated sclerosing carcinoma"},{"code":"83703","display":"Adrenal cortical carcinoma"},{"code":"83802","display":"Endometrioid intraepithelial neoplasia"},{"code":"83803","display":"Endometrioid adenocarcinoma, NOS"},{"code":"83813","display":"Endometrioid adenofibroma, malignant"},{"code":"83823","display":"Endometrioid adenocarcinoma, secretory variant"},{"code":"83833","display":"Endometrioid adenocarcinoma, ciliated cell variant"},{"code":"83843","display":"Adenocarcinoma, endocervical type"},{"code":"83903","display":"Skin appendage carcinoma"},{"code":"84003","display":"Sweat gland adenocarcinoma"},{"code":"84013","display":"Apocrine adenocarcinoma"},{"code":"84023","display":"Nodular hidradenoma, malignant"},{"code":"84033","display":"Malignant eccrine spiradenoma"},{"code":"84063","display":"Syringocystadenocarcinoma papilliferum"},{"code":"84073","display":"Sclerosing sweat duct carcinoma"},{"code":"84083","display":"Eccrine papillary adenocarcinoma"},{"code":"84092","display":"Porocarcinoma in situ"},{"code":"84093","display":"Eccrine poroma, malignant"},{"code":"84103","display":"Sebaceous adenocarcinoma"},{"code":"84133","display":"Eccrine adenocarcinoma"},{"code":"84203","display":"Ceruminous adenocarcinoma"},{"code":"84303","display":"Mucoepidermoid carcinoma"},{"code":"84403","display":"Cystadenocarcinoma, NOS"},{"code":"84412","display":"Serous intraepithelial carcinoma"},{"code":"84413","display":"Serous cystadenocarcinoma, NOS"},{"code":"84503","display":"Papillary cystadenocarcinoma, NOS"},{"code":"84523","display":"Solid pseudopapillary carcinoma"},{"code":"84532","display":"Intraductal papillary-mucinous carcinoma, non-invasive"},{"code":"84533","display":"Intraductal papillary-mucinous carcinoma, invasive"},{"code":"84602","display":"Serous borderline tumor, micropapillary variant"},{"code":"84603","display":"Low grade serous carcinoma"},{"code":"84613","display":"High grade serous carcinoma"},{"code":"84702","display":"Mucinous cystadenocarcinoma, non-invasive"},{"code":"84703","display":"Mucinous cystadenocarcinoma, NOS"},{"code":"84713","display":"Papillary mucinous cystadenocarcinoma"},{"code":"84743","display":"Seromucinous carcinoma"},{"code":"84803","display":"Mucinous adenocarcinoma"},{"code":"84813","display":"Mucin-producing adenocarcinoma"},{"code":"84823","display":"Mucinous adenocarcinoma, endocervical type"},{"code":"84903","display":"Signet ring cell carcinoma"},{"code":"85002","display":"Intraductal carcinoma, noninfiltrating, NOS"},{"code":"85003","display":"Infiltrating duct carcinoma, NOS"},{"code":"85012","display":"Comedocarcinoma, noninfiltrating"},{"code":"85013","display":"Comedocarcinoma, NOS"},{"code":"85023","display":"Secretory carcinoma"},{"code":"85032","display":"Noninfiltrating intraductal papillary adenocarcinoma"},{"code":"85033","display":"Intraductal papillary adenocarcinoma with invasion"},{"code":"85042","display":"Encapsulated papillary carcinoma"},{"code":"85043","display":"Encapsulated papillary carcinoma with invasion"},{"code":"85072","display":"Intraductal micropapillary carcinoma"},{"code":"85073","display":"Invasive micropapillary carcinoma of breast"},{"code":"85092","display":"Solid papillary carcinoma in situ"},{"code":"85093","display":"Solid papillary carcinoma with invasion"},{"code":"85103","display":"Medullary carcinoma, NOS"},{"code":"85123","display":"Medullary carcinoma with lymphoid stroma"},{"code":"85133","display":"Atypical medullary carcinoma"},{"code":"85143","display":"Duct carcinoma, desmoplastic type"},{"code":"85192","display":"Lobular carcinoma in situ, pleomorphic"},{"code":"85202","display":"Lobular carcinoma in situ, NOS"},{"code":"85203","display":"Lobular carcinoma, NOS"},{"code":"85213","display":"Infiltrating ductular carcinoma"},{"code":"85222","display":"Intraductal carcinoma and lobular carcinoma in situ"},{"code":"85223","display":"Infiltrating duct and lobular carcinoma"},{"code":"85233","display":"Infiltrating duct mixed with other types of carcinoma"},{"code":"85243","display":"Infiltrating lobular mixed with other types of carcinoma"},{"code":"85253","display":"Polymorphous adenocarcinoma"},{"code":"85303","display":"Inflammatory carcinoma"},{"code":"85403","display":"Paget disease, mammary"},{"code":"85413","display":"Paget disease and infiltrating duct carcinoma of breast"},{"code":"85423","display":"Paget disease, extramammary"},{"code":"85433","display":"Paget disease and intraductal carcinoma of breast"},{"code":"85503","display":"Acinar cell carcinoma"},{"code":"85513","display":"Acinar cell cystadenocarcinoma"},{"code":"85523","display":"Mixed acinar-ductal carcinoma"},{"code":"85603","display":"Adenosquamous carcinoma"},{"code":"85623","display":"Epithelial-myoepithelial carcinoma"},{"code":"85703","display":"Adenocarcinoma with squamous metaplasia"},{"code":"85713","display":"Adenocarcinoma with cartilaginous and osseous metaplasia"},{"code":"85723","display":"Adenocarcinoma with spindle cell metaplasia"},{"code":"85733","display":"Adenocarcinoma with apocrine metaplasia"},{"code":"85743","display":"Adenocarcinoma with neuroendocrine differentiation"},{"code":"85753","display":"Metaplastic carcinoma, NOS"},{"code":"85763","display":"Hepatoid adenocarcinoma"},{"code":"85803","display":"Thymoma, NOS"},{"code":"85813","display":"Thymoma, type A"},{"code":"85823","display":"Thymoma, type AB"},{"code":"85833","display":"Thymoma, type B1"},{"code":"85843","display":"Thymoma, type B2"},{"code":"85853","display":"Thymoma, type B3"},{"code":"85863","display":"Thymic carcinoma, NOS"},{"code":"85883","display":"Spindle epithelial tumor with thymus-like element"},{"code":"85893","display":"Carcinoma showing thymus-like element"},{"code":"86003","display":"Thecoma, malignant"},{"code":"86203","display":"Granulosa cell tumor, NOS"},{"code":"86303","display":"Androblastoma, malignant"},{"code":"86313","display":"Sertoli-Leydig cell tumor, poorly differentiated"},{"code":"86343","display":"Sertoli-Leydig cell tumor, poorly differentiated, with heterologous elements"},{"code":"86403","display":"Sertoli cell carcinoma"},{"code":"86503","display":"Leydig cell tumor, malignant"},{"code":"86703","display":"Steroid cell tumor, malignant"},{"code":"86803","display":"Paraganglioma, NOS"},{"code":"86813","display":"Sympathetic paraganglioma"},{"code":"86823","display":"Parasympathetic paraganglioma"},{"code":"86903","display":"Glomus jugulare tumor, NOS"},{"code":"86913","display":"Aortic body tumor"},{"code":"86923","display":"Carotid body tumor"},{"code":"86933","display":"Extra-adrenal paraganglioma, NOS"},{"code":"87003","display":"Phaeochromocytoma, NOS"},{"code":"87103","display":"Glomangiosarcoma"},{"code":"87113","display":"Glomus tumor, malignant"},{"code":"87143","display":"Perivascular epithelioid tumor, malignant"},{"code":"87202","display":"Melanoma in situ"},{"code":"87203","display":"Malignant melanoma, NOS"},{"code":"87213","display":"Nodular melanoma"},{"code":"87223","display":"Balloon cell melanoma"},{"code":"87233","display":"Malignant melanoma, regressing"},{"code":"87283","display":"Meningeal melanomatosis"},{"code":"87303","display":"Amelanotic melanoma"},{"code":"87403","display":"Malignant melanoma in junctional nevus"},{"code":"87412","display":"Precancerous melanosis, NOS"},{"code":"87413","display":"Malignant melanoma in precancerous melanosis"},{"code":"87422","display":"Lentigo maligna"},{"code":"87423","display":"Lentigo maligna melanoma"},{"code":"87433","display":"Superficial spreading melanoma"},{"code":"87443","display":"Acral lentiginous melanoma, malignant"},{"code":"87453","display":"Desmoplastic melanoma, malignant"},{"code":"87463","display":"Mucosal lentiginous melanoma"},{"code":"87613","display":"Malignant melanoma in giant pigmented nevus"},{"code":"87703","display":"Mixed epithelioid and spindle cell melanoma"},{"code":"87713","display":"Epithelioid cell melanoma"},{"code":"87723","display":"Spindle cell melanoma, NOS"},{"code":"87733","display":"Spindle cell melanoma, type A"},{"code":"87743","display":"Spindle cell melanoma, type B"},{"code":"87803","display":"Blue nevus, malignant"},{"code":"88003","display":"Sarcoma, NOS"},{"code":"88013","display":"Spindle cell sarcoma"},{"code":"88023","display":"Giant cell sarcoma"},{"code":"88033","display":"Small cell sarcoma"},{"code":"88043","display":"Epithelioid sarcoma"},{"code":"88053","display":"Undifferentiated sarcoma"},{"code":"88063","display":"Desmoplastic small round cell tumor"},{"code":"88103","display":"Fibrosarcoma, NOS"},{"code":"88113","display":"Myxofibrosarcoma"},{"code":"88123","display":"Periosteal fibrosarcoma"},{"code":"88133","display":"Fascial fibrosarcoma"},{"code":"88143","display":"Infantile fibrosarcoma"},{"code":"88153","display":"Solitary fibrous tumor, malignant"},{"code":"88253","display":"Myofibroblastic sarcoma"},{"code":"88303","display":"Malignant fibrous histiocytoma"},{"code":"88323","display":"Dermatofibrosarcoma, sarcomatous"},{"code":"88403","display":"Myxosarcoma"},{"code":"88423","display":"Ossifying fibromyxoid tumor, malignant"},{"code":"88503","display":"Liposarcoma, NOS"},{"code":"88513","display":"Liposarcoma, well differentiated"},{"code":"88523","display":"Myxoid liposarcoma"},{"code":"88533","display":"Round cell liposarcoma"},{"code":"88543","display":"Pleomorphic liposarcoma"},{"code":"88553","display":"Mixed liposarcoma"},{"code":"88573","display":"Fibroblastic liposarcoma"},{"code":"88583","display":"Dedifferentiated liposarcoma"},{"code":"88903","display":"Leiomyosarcoma, NOS"},{"code":"88913","display":"Epithelioid leiomyosarcoma"},{"code":"88943","display":"Angiomyosarcoma"},{"code":"88953","display":"Myosarcoma"},{"code":"88963","display":"Myxoid leiomyosarcoma"},{"code":"89003","display":"Rhabdomyosarcoma, NOS"},{"code":"89013","display":"Pleomorphic rhabdomyosarcoma, adult type"},{"code":"89023","display":"Mixed type rhabdomyosarcoma"},{"code":"89103","display":"Embryonal rhabdomyosarcoma, NOS"},{"code":"89123","display":"Spindle cell rhabdomyosarcoma"},{"code":"89203","display":"Alveolar rhabdomyosarcoma"},{"code":"89213","display":"Rhabdomyosarcoma with ganglionic differentiation"},{"code":"89303","display":"Endometrial stromal sarcoma, NOS"},{"code":"89313","display":"Endometrial stromal sarcoma, low grade"},{"code":"89333","display":"Adenosarcoma"},{"code":"89343","display":"Carcinofibroma"},{"code":"89353","display":"Stromal sarcoma, NOS"},{"code":"89363","display":"Gastrointestinal stromal sarcoma"},{"code":"89403","display":"Mixed tumor, malignant, NOS"},{"code":"89413","display":"Carcinoma in pleomorphic adenoma"},{"code":"89503","display":"Mullerian mixed tumor"},{"code":"89513","display":"Mesodermal mixed tumor"},{"code":"89593","display":"Malignant cystic nephroma"},{"code":"89603","display":"Nephroblastoma, NOS"},{"code":"89633","display":"Malignant rhabdoid tumor"},{"code":"89643","display":"Clear cell sarcoma of kidney"},{"code":"89703","display":"Hepatoblastoma"},{"code":"89713","display":"Pancreatoblastoma"},{"code":"89723","display":"Pulmonary blastoma"},{"code":"89733","display":"Pleuropulmonary blastoma"},{"code":"89803","display":"Carcinosarcoma, NOS"},{"code":"89813","display":"Carcinosarcoma, embryonal"},{"code":"89823","display":"Malignant myoepithelioma"},{"code":"89833","display":"Adenomyoepithelioma with carcinoma"},{"code":"89903","display":"Mesenchymoma, malignant"},{"code":"89913","display":"Embryonal sarcoma"},{"code":"90003","display":"Brenner tumor, malignant"},{"code":"90143","display":"Serous adenocarcinofibroma"},{"code":"90153","display":"Mucinous adenocarcinofibroma"},{"code":"90203","display":"Phyllodes tumor, malignant"},{"code":"90403","display":"Synovial sarcoma, NOS"},{"code":"90413","display":"Synovial sarcoma, spindle cell"},{"code":"90423","display":"Synovial sarcoma, epithelioid cell"},{"code":"90433","display":"Synovial sarcoma, biphasic"},{"code":"90443","display":"Clear cell sarcoma, NOS"},{"code":"90453","display":"Biphenotypic sinonasal sarcoma"},{"code":"90503","display":"Mesothelioma, malignant"},{"code":"90513","display":"Fibrous mesothelioma, malignant"},{"code":"90523","display":"Epithelioid mesothelioma, malignant"},{"code":"90533","display":"Mesothelioma, biphasic, malignant"},{"code":"90603","display":"Dysgerminoma"},{"code":"90613","display":"Seminoma, NOS"},{"code":"90623","display":"Seminoma, anaplastic"},{"code":"90633","display":"Spermatocytic seminoma"},{"code":"90642","display":"Intratubular malignant germ cells"},{"code":"90643","display":"Germinoma"},{"code":"90653","display":"Germ cell tumor, nonseminomatous"},{"code":"90703","display":"Embryonal carcinoma, NOS"},{"code":"90713","display":"Yolk sac tumor"},{"code":"90723","display":"Polyembryoma"},{"code":"90803","display":"Teratoma, malignant, NOS"},{"code":"90813","display":"Teratocarcinoma"},{"code":"90823","display":"Malignant teratoma, undifferentiated"},{"code":"90833","display":"Malignant teratoma, intermediate"},{"code":"90843","display":"Teratoma with malignant transformation"},{"code":"90853","display":"Mixed germ cell tumor"},{"code":"90863","display":"Germ cell tumor with associated hematological malignancy"},{"code":"90903","display":"Struma ovarii, malignant"},{"code":"91003","display":"Choriocarcinoma, NOS"},{"code":"91013","display":"Choriocarcinoma combined with other germ cell elements"},{"code":"91023","display":"Malignant teratoma, trophoblastic"},{"code":"91053","display":"Trophoblastic tumor, epithelioid"},{"code":"91103","display":"Mesonephroma, malignant"},{"code":"91203","display":"Hemangiosarcoma"},{"code":"91243","display":"Kupffer cell sarcoma"},{"code":"91303","display":"Hemangioendothelioma, malignant"},{"code":"91333","display":"Epithelioid hemangioendothelioma, NOS"},{"code":"91373","display":"Intimal sarcoma"},{"code":"91403","display":"Kaposi sarcoma"},{"code":"91503","display":"Hemangiopericytoma, malignant"},{"code":"91703","display":"Lymphangiosarcoma"},{"code":"91803","display":"Osteosarcoma, NOS"},{"code":"91813","display":"Chondroblastic osteosarcoma"},{"code":"91823","display":"Fibroblastic osteosarcoma"},{"code":"91833","display":"Telangiectatic osteosarcoma"},{"code":"91843","display":"Osteosarcoma in Paget disease of bone"},{"code":"91853","display":"Small cell osteosarcoma"},{"code":"91863","display":"Central osteosarcoma"},{"code":"91873","display":"Intraosseous well differentiated osteosarcoma"},{"code":"91923","display":"Parosteal osteosarcoma"},{"code":"91933","display":"Periosteal osteosarcoma"},{"code":"91943","display":"High grade surface osteosarcoma"},{"code":"91953","display":"Intracortical osteosarcoma"},{"code":"92203","display":"Chondrosarcoma, NOS"},{"code":"92213","display":"Juxtacortical chondrosarcoma"},{"code":"92303","display":"Chondroblastoma, malignant"},{"code":"92313","display":"Myxoid chondrosarcoma"},{"code":"92403","display":"Mesenchymal chondrosarcoma"},{"code":"92423","display":"Clear cell chondrosarcoma"},{"code":"92433","display":"Dedifferentiated chondrosarcoma"},{"code":"92503","display":"Giant cell tumor of bone, malignant"},{"code":"92513","display":"Malignant giant cell tumor of soft parts"},{"code":"92523","display":"Malignant tenosynovial giant cell tumor"},{"code":"92603","display":"Ewing sarcoma"},{"code":"92613","display":"Adamantinoma of long bones"},{"code":"92703","display":"Odontogenic tumor, malignant"},{"code":"92903","display":"Ameloblastic odontosarcoma"},{"code":"93023","display":"Ghost cell odontogenic carcinoma"},{"code":"93103","display":"Ameloblastoma, malignant"},{"code":"93303","display":"Ameloblastic fibrosarcoma"},{"code":"93413","display":"Clear cell odontogenic carcinoma"},{"code":"93423","display":"Odontogenic carcinosarcoma"},{"code":"93623","display":"Pineoblastoma"},{"code":"93643","display":"Peripheral neuroectodermal tumor"},{"code":"93653","display":"Askin tumor"},{"code":"93703","display":"Chordoma, NOS"},{"code":"93713","display":"Chondroid chordoma"},{"code":"93723","display":"Dedifferentiated chordoma"},{"code":"93803","display":"Glioma, malignant"},{"code":"93813","display":"Gliomatosis cerebri"},{"code":"93823","display":"Mixed glioma"},{"code":"93853","display":"Diffuse midline glioma, H3 K27M-mutant"},{"code":"93903","display":"Choroid plexus carcinoma"},{"code":"93913","display":"Ependymoma, NOS"},{"code":"93923","display":"Ependymoma, anaplastic"},{"code":"93933","display":"Papillary ependymoma"},{"code":"93953","display":"Papillary tumor of the pineal region"},{"code":"93963","display":"Ependymoma, RELA fusion-positive"},{"code":"94003","display":"Astrocytoma, NOS"},{"code":"94013","display":"Astrocytoma, anaplastic"},{"code":"94103","display":"Protoplasmic astrocytoma"},{"code":"94113","display":"Gemistocytic astrocytoma"},{"code":"94203","display":"Fibrillary astrocytoma"},{"code":"94233","display":"Polar spongioblastoma"},{"code":"94243","display":"Pleomorphic xanthoastrocytoma"},{"code":"94253","display":"Pilomyxoid astrocytoma"},{"code":"94303","display":"Astroblastoma"},{"code":"94403","display":"Glioblastoma, NOS"},{"code":"94413","display":"Giant cell glioblastoma"},{"code":"94423","display":"Gliosarcoma"},{"code":"94453","display":"Glioblastoma, IDH-mutant"},{"code":"94503","display":"Oligodendroglioma, NOS"},{"code":"94513","display":"Oligodendroglioma, anaplastic"},{"code":"94603","display":"Oligodendroblastoma"},{"code":"94703","display":"Medulloblastoma, NOS"},{"code":"94713","display":"Desmoplastic nodular medulloblastoma"},{"code":"94723","display":"Medullomyoblastoma"},{"code":"94733","display":"Primitive neuroectodermal tumor, NOS"},{"code":"94743","display":"Large cell medulloblastoma"},{"code":"94753","display":"Medulloblastoma, WNT-activated, classic"},{"code":"94763","display":"Medulloblastoma, SHH-activated and TP53-mutant"},{"code":"94773","display":"Meduloblastoma, non-WNT/non-SHH"},{"code":"94783","display":"Embryonal tumor with multilayered rosettes with C19MC alteration"},{"code":"94803","display":"Cerebellar sarcoma, NOS"},{"code":"94903","display":"Ganglioneuroblastoma"},{"code":"95003","display":"Neuroblastoma, NOS"},{"code":"95013","display":"Medulloepithelioma, NOS"},{"code":"95023","display":"Teratoid medulloepithelioma"},{"code":"95033","display":"Neuroepithelioma, NOS"},{"code":"95043","display":"Spongioneuroblastoma"},{"code":"95053","display":"Ganglioglioma, anaplastic"},{"code":"95083","display":"Atypical teratoid/rhabdoid tumor"},{"code":"95103","display":"Retinoblastoma, NOS"},{"code":"95113","display":"Retinoblastoma, differentiated"},{"code":"95123","display":"Retinoblastoma, undifferentiated"},{"code":"95133","display":"Retinoblastoma, diffuse"},{"code":"95203","display":"Olfactory neurogenic tumor"},{"code":"95213","display":"Olfactory neurocytoma"},{"code":"95223","display":"Olfactory neuroblastoma"},{"code":"95233","display":"Olfactory neuroepithelioma"},{"code":"95303","display":"Meningioma, malignant"},{"code":"95383","display":"Papillary meningioma"},{"code":"95393","display":"Meningeal sarcomatosis"},{"code":"95403","display":"Malignant peripheral nerve sheath tumor"},{"code":"95423","display":"Malignant peripheral nerve sheath tumor, epithelioid"},{"code":"95603","display":"Neurilemoma, malignant"},{"code":"95613","display":"Malignant peripheral nerve sheath tumor with rhabdomyoblastic differentiation"},{"code":"95713","display":"Perineurioma, malignant"},{"code":"95803","display":"Granular cell tumor, malignant"},{"code":"95813","display":"Alveolar soft part sarcoma"},{"code":"95903","display":"Malignant lymphoma, NOS"},{"code":"95913","display":"Malignant lymphoma, non-Hodgkin, NOS"},{"code":"95963","display":"Composite Hodgkin and non-Hodgkin lymphoma"},{"code":"95973","display":"Primary cutaneous follicle centre lymphoma"},{"code":"96503","display":"Hodgkin lymphoma, NOS"},{"code":"96513","display":"Hodgkin lymphoma, lymphocyte-rich"},{"code":"96523","display":"Hodgkin lymphoma, mixed cellularity, NOS"},{"code":"96533","display":"Hodgkin lymphoma, lymphocyte depletion, NOS"},{"code":"96543","display":"Hodgkin lymphoma, lymphocyte depletion, diffuse fibrosis"},{"code":"96553","display":"Hodgkin lymphoma, lymphocyte depletion, reticular"},{"code":"96593","display":"Hodgkin lymphoma, nodular lymphocyte predominance"},{"code":"96613","display":"Hodgkin granuloma"},{"code":"96623","display":"Hodgkin sarcoma"},{"code":"96633","display":"Hodgkin lymphoma, nodular sclerosis, NOS"},{"code":"96643","display":"Hodgkin lymphoma, nodular sclerosis, cellular phase"},{"code":"96653","display":"Hodgkin lymphoma, nodular sclerosis,  grade 1"},{"code":"96673","display":"Hodgkin lymphoma, nodular sclerosis,  grade 2"},{"code":"96703","display":"Malignant lymphoma, small B lymphocytic, NOS"},{"code":"96713","display":"Malignant lymphoma, lymphoplasmacytic"},{"code":"96733","display":"Mantle cell lymphoma"},{"code":"96753","display":"Malignant lymphoma, mixed small and large cell, diffuse"},{"code":"96783","display":"Primary effusion lymphoma"},{"code":"96793","display":"Mediastinal large B-cell lymphoma"},{"code":"96803","display":"Malignant lymphoma, large B-cell, diffuse, NOS"},{"code":"96843","display":"Malignant lymphoma, large B-cell, diffuse, immunoblastic, NOS"},{"code":"96873","display":"Burkitt lymphoma, NOS"},{"code":"96883","display":"T-cell/histiocyte rich large B-cell lymphoma"},{"code":"96893","display":"Splenic marginal zone B-cell lymphoma"},{"code":"96903","display":"Follicular lymphoma, NOS"},{"code":"96913","display":"Follicular lymphoma, grade 2"},{"code":"96953","display":"Follicular lymphoma, grade 1"},{"code":"96983","display":"Follicular lymphoma, grade 3"},{"code":"96993","display":"Marginal zone B-cell lymphoma, NOS"},{"code":"97003","display":"Mycosis fungoides"},{"code":"97013","display":"Sezary syndrome"},{"code":"97023","display":"Mature T-cell lymphoma, NOS"},{"code":"97053","display":"Angioimmunoblastic T-cell lymphoma"},{"code":"97083","display":"Subcutaneous panniculitis-like T-cell lymphoma"},{"code":"97093","display":"Cutaneous T-cell lymphoma, NOS"},{"code":"97123","display":"Intravascular large B-cell lymphoma"},{"code":"97143","display":"Anaplastic large cell lymphoma, T cell and Null cell type"},{"code":"97153","display":"Anaplastic large cell lymphoma, ALK negative"},{"code":"97163","display":"Hepatosplenic T-cell lymphoma"},{"code":"97173","display":"Intestinal T-cell lymphoma"},{"code":"97183","display":"Primary cutaneous anaplastic large cell lymphoma"},{"code":"97193","display":"NK/T-cell lymphoma, nasal and nasal-type"},{"code":"97243","display":"Systemic EBV positive T-cell lymphoproliferative disease of childhood"},{"code":"97263","display":"Primary cutaneous gamma-delta T-cell lymphoma"},{"code":"97273","display":"Precursor cell lymphoblastic lymphoma, NOS"},{"code":"97283","display":"Precursor B-cell lymphoblastic lymphoma"},{"code":"97293","display":"Precursor T-cell lymphoblastic lymphoma"},{"code":"97313","display":"Plasmacytoma, NOS"},{"code":"97323","display":"Multiple myeloma"},{"code":"97333","display":"Plasma cell leukemia"},{"code":"97343","display":"Plasmacytoma, extramedullary"},{"code":"97353","display":"Plasmablastic lymphoma"},{"code":"97373","display":"ALK positive large B-cell lymphoma"},{"code":"97383","display":"Large B-cell lymphoma arising in HHV8-associated multicentric Castleman disease"},{"code":"97403","display":"Mast cell sarcoma"},{"code":"97413","display":"Malignant mastocytosis"},{"code":"97423","display":"Mast cell leukemia"},{"code":"97493","display":"Erdheim-Chester disease"},{"code":"97503","display":"Malignant histiocytosis"},{"code":"97513","display":"Langerhans cell histiocytosis, disseminated"},{"code":"97553","display":"Histiocytic sarcoma"},{"code":"97563","display":"Langerhans cell sarcoma"},{"code":"97573","display":"Interdigitating dendritic cell sarcoma"},{"code":"97583","display":"Follicular dendritic cell sarcoma"},{"code":"97593","display":"Fibroblastic reticular cell tumor"},{"code":"97603","display":"Immunoproliferative disease, NOS"},{"code":"97613","display":"Waldenstrom macroglobulinemia"},{"code":"97623","display":"Heavy chain disease, NOS"},{"code":"97643","display":"Immunoproliferative small intestinal disease"},{"code":"97663","display":"Lymphomatoid granulomatosis, grade 3"},{"code":"98003","display":"Leukemia, NOS"},{"code":"98013","display":"Acute leukemia, NOS"},{"code":"98053","display":"Acute biphenotypic leukemia"},{"code":"98063","display":"Mixed phenotype acute leukemia with t(9;22)(q34;q11.2); BCR-ABL1"},{"code":"98073","display":"Mixed phenotype acute leukemia with t(v;11q23); MLL rearranged"},{"code":"98083","display":"Mixed phenotype acute leukemia, B/myeloid, NOS"},{"code":"98093","display":"Mixed phenotype acute leukemia, T/myeloid, NOS"},{"code":"98113","display":"B lymphoblastic leukemia/lymphoma, NOS"},{"code":"98123","display":"B lymphoblastic leukemia/lymphoma with t(9;22)(q34;q11.2); BCR-ABL1"},{"code":"98133","display":"B lymphoblastic leukemia/lymphoma with t(v;11q23); MLL rearranged"},{"code":"98143","display":"B lymphoblastic leukemia/lymphoma with t(12;21)(p13;q22); TEL-AML1 (ETV6-RUNX1)"},{"code":"98153","display":"B lymphoblastic leukemia/lymphoma with hyperdiploidy"},{"code":"98163","display":"B lymphoblastic leukemia/lymphoma with hypodiploidy (Hypodiploid ALL)"},{"code":"98173","display":"B lymphoblastic leukemia/lymphoma with t(5;14)(q31;q32); IL3-IGH"},{"code":"98183","display":"B lymphoblastic leukemia/lymphoma with t(1;19)(q23;p13.3); E2A-PBX1 (TCF3-PBX1)"},{"code":"98193","display":"B lymphoblastic leukemia/lymphoma, BCR-ABL1–like"},{"code":"98203","display":"Lymphoid leukemia, NOS"},{"code":"98233","display":"B-cell chronic lymphocytic leukemia/small lymphocytic lymphoma"},{"code":"98263","display":"Burkitt cell leukemia"},{"code":"98273","display":"Adult T-cell leukemia/lymphoma (HTLV-1 positive)"},{"code":"98313","display":"T-cell large granular lymphocytic leukemia"},{"code":"98323","display":"Prolymphocytic leukemia, NOS"},{"code":"98333","display":"Prolymphocytic leukemia, B-cell type"},{"code":"98343","display":"Prolymphocytic leukemia, T-cell type"},{"code":"98353","display":"Precursor cell lymphoblastic leukemia, NOS"},{"code":"98363","display":"Precursor B-cell lymphoblastic leukemia"},{"code":"98373","display":"Precursor T-cell lymphoblastic leukemia"},{"code":"98403","display":"Acute myeloid leukemia, M6 type"},{"code":"98603","display":"Myeloid leukemia, NOS"},{"code":"98613","display":"Acute myeloid leukemia, NOS"},{"code":"98633","display":"Chronic myeloid leukemia, NOS"},{"code":"98653","display":"Acute myeloid leukemia with t(6;9)(p23;q34); DEK-NUP214"},{"code":"98663","display":"Acute promyelocytic leukemia, t(15;17)(q22;q11-12)"},{"code":"98673","display":"Acute myelomonocytic leukemia"},{"code":"98693","display":"Acute myeloid leukemia with inv(3)(q21;q26.2) or t(13.3)(q21;q26.2); RPN1-EVI1"},{"code":"98703","display":"Acute basophilic leukemia"},{"code":"98713","display":"Acute myeloid leukemia with abnormal marrow eosinophils"},{"code":"98723","display":"Acute myeloid leukemia, minimal differentiation"},{"code":"98733","display":"Acute myeloid leukemia without maturation"},{"code":"98743","display":"Acute myeloid leukemia with maturation"},{"code":"98753","display":"Chronic myelogenous leukemia, BCR/ABL  positive"},{"code":"98763","display":"Atypical chronic myeloid leukemia, BCR/ABL negative"},{"code":"98773","display":"Acute myeloid leukemia with mutated NPM1"},{"code":"98783","display":"Acute myeloid leukemia with biallelic mutation of CEBPA"},{"code":"98793","display":"Acute myeloid leukemia with mutated RUNX1"},{"code":"98913","display":"Acute monocytic leukemia"},{"code":"98953","display":"Acute myeloid leukemia with myelodysplasia-related changes"},{"code":"98963","display":"Acute myeloid leukemia, t(8;21)(q22;q22)"},{"code":"98973","display":"Acute myeloid leukemia, 11q23 abnormalities"},{"code":"98983","display":"Myeloid leukemia associated with Down Syndrome"},{"code":"99103","display":"Acute megakaryoblastic leukemia"},{"code":"99113","display":"Acute myeloid leukemia (megakaryoblastic) with t(1;22)(p13;q13); RBM15-MKL1"},{"code":"99123","display":"Acute myleoid leukemia with BCR-ABL1"},{"code":"99203","display":"Therapy related myeloid neoplasm"},{"code":"99303","display":"Myeloid sarcoma"},{"code":"99313","display":"Acute panmyelosis with myelofibrosis"},{"code":"99403","display":"Hairy cell leukemia"},{"code":"99453","display":"Chronic myelomonocytic leukemia, NOS"},{"code":"99463","display":"Juvenile myelomonocytic leukemia"},{"code":"99483","display":"Aggressive NK-cell leukemia"},{"code":"99503","display":"Polycythemia vera"},{"code":"99603","display":"Myeloproliferative neoplasm, NOS"},{"code":"99613","display":"Primary myelofibrosis"},{"code":"99623","display":"Essential thrombocythemia"},{"code":"99633","display":"Chronic neutrophilic leukemia"},{"code":"99643","display":"Chronic eosinophilic leukemia, NOS"},{"code":"99653","display":"Myeloid and lymphoid neoplasms with PDGFRA rearrangement"},{"code":"99663","display":"Myeloid neoplasms with PDGFRB rearrangement"},{"code":"99673","display":"Myeloid and lymphoid neoplasms with FGFR1 abnormalities"},{"code":"99683","display":"Myeloid and lymphoid neoplasms with PCM1-JAK2"},{"code":"99753","display":"Myeloproliferative neoplasm, unclassifiable"},{"code":"99803","display":"Refractory anemia"},{"code":"99823","display":"Refractory anemia with sideroblasts"},{"code":"99833","display":"Refractory anemia with excess blasts"},{"code":"99843","display":"Refractory anemia with excess blasts in transformation"},{"code":"99853","display":"Refractory cytopenia with multilineage dysplasia"},{"code":"99863","display":"Myelodysplastic syndrome with 5q deletion (5q-) syndrome"},{"code":"99873","display":"Therapy-related myelodysplastic syndrome, NOS"},{"code":"99893","display":"Myelodysplastic syndrome, NOS"},{"code":"99913","display":"Refractory neutropenia"},{"code":"99923","display":"Refractory thrombocytopenia"},{"code":"99933","display":"Myelodysplastic syndrome with ring sideroblasts and multilineage dysplasia"}]}]}}