{"resourceType":"ValueSet","id":"NASH-Variables","text":{"status":"generated","div":"<div xmlns=\"http://www.w3.org/1999/xhtml\"><ul><li>Include all codes defined in <a href=\"CodeSystem-NASH-Variables.html\"><code>http://mitwfhir.dicom.org.tw/fhir/CodeSystem/NASH-Variables</code></a></li></ul></div>"},"url":"http://mitwfhir.dicom.org.tw/fhir/ValueSet/NASH-Variables","version":"0.1.0","name":"NASHVariables","title":"NASH_variables","status":"active","date":"2023-04-19T19:56:19+08:00","publisher":"CYLAB","description":"NASH_variables","compose":{"include":[{"system":"http://mitwfhir.dicom.org.tw/fhir/CodeSystem/NASH-Variables"}]}}