{"resourceType":"ValueSet","id":"AcquisitionModality","text":{"status":"generated","div":"<div xmlns=\"http://www.w3.org/1999/xhtml\"><ul><li>Include all codes defined in <a href=\"CodeSystem-AcquisitionModality.html\"><code>http://mitwfhir.dicom.org.tw/fhir/CodeSystem/AcquisitionModality</code></a></li></ul></div>"},"url":"http://mitwfhir.dicom.org.tw/fhir/ValueSet/AcquisitionModality","version":"0.1.0","name":"AcquisitionModality","title":"Acquisition Modality","status":"active","date":"2023-04-19T19:56:19+08:00","publisher":"CYLAB","description":"Acquisition Modality","compose":{"include":[{"system":"http://mitwfhir.dicom.org.tw/fhir/CodeSystem/AcquisitionModality"}]}}