{"resourceType":"ValueSet","id":"NASH-Knodell","text":{"status":"generated","div":"<div xmlns=\"http://www.w3.org/1999/xhtml\"><ul><li>Include all codes defined in <a href=\"CodeSystem-NASH-Knodell.html\"><code>http://mitwfhir.dicom.org.tw/fhir/CodeSystem/NASH-Knodell</code></a></li></ul></div>"},"url":"http://mitwfhir.dicom.org.tw/fhir/ValueSet/NASH-Knodell","version":"0.1.0","name":"KnodellScoreSystem","title":"NASH-Knodell score system","status":"active","date":"2023-07-09T22:38:53+08:00","publisher":"CYLAB","description":"NASH-Knodell score system","compose":{"include":[{"system":"http://mitwfhir.dicom.org.tw/fhir/CodeSystem/NASH-Knodell"}]}}