{"resourceType":"ValueSet","id":"NASH-Fibrosis","text":{"status":"generated","div":"<div xmlns=\"http://www.w3.org/1999/xhtml\"><ul><li>Include all codes defined in <a href=\"CodeSystem-NASH-Fibrosis.html\"><code>http://mitwfhir.dicom.org.tw/fhir/CodeSystem/NASH-Fibrosis</code></a></li></ul></div>"},"url":"http://mitwfhir.dicom.org.tw/fhir/ValueSet/NASH-Fibrosis","version":"0.1.0","name":"Fibrosis","title":"NASH-Fibrosis","status":"active","date":"2023-03-08T20:44:42+08:00","publisher":"CYLAB","description":"NASH-Fibrosis","compose":{"include":[{"system":"http://mitwfhir.dicom.org.tw/fhir/CodeSystem/NASH-Fibrosis"}]}}