{"resourceType":"ValueSet","id":"NASH-Metavir-Fibrosis-Score","text":{"status":"generated","div":"<div xmlns=\"http://www.w3.org/1999/xhtml\"><ul><li>Include these codes as defined in <a href=\"http://loinc.org\"><code>http://loinc.org</code></a><table class=\"none\"><tr><td style=\"white-space:nowrap\"><b>Code</b></td><td><b>Display</b></td></tr><tr><td><a href=\"http://details.loinc.org/LOINC/LA9635-9.html\">LA9635-9</a></td><td>F0 No Fibrosis</td></tr><tr><td><a href=\"http://details.loinc.org/LOINC/LA9636-7.html\">LA9636-7</a></td><td>F1 Mild fibrosis - portal fibrosis without septa</td></tr><tr><td><a href=\"http://details.loinc.org/LOINC/LA9637-5.html\">LA9637-5</a></td><td>F2 Moderate fibrosis - portal fibrosis and few septa</td></tr><tr><td><a href=\"http://details.loinc.org/LOINC/LA9638-3.html\">LA9638-3</a></td><td>F3 Severe firbodsis - numerous septa without cirrhorsis</td></tr><tr><td><a href=\"http://details.loinc.org/LOINC/LA9639-1.html\">LA9639-1</a></td><td>F4 cirrhorsis</td></tr></table></li></ul></div>"},"url":"http://mitwfhir.dicom.org.tw/fhir/ValueSet/NASH-Metavir-Fibrosis-Score","version":"0.1.0","name":"MetavirFibrosisScore","title":"NASH-Metavir Fibrosis Score","status":"active","date":"2023-03-08T20:44:42+08:00","publisher":"CYLAB","description":"NASH-Metavir Fibrosis Score","compose":{"include":[{"system":"http://loinc.org","concept":[{"code":"LA9635-9","display":"F0 No Fibrosis"},{"code":"LA9636-7","display":"F1 Mild fibrosis - portal fibrosis without septa"},{"code":"LA9637-5","display":"F2 Moderate fibrosis - portal fibrosis and few septa"},{"code":"LA9638-3","display":"F3 Severe firbodsis - numerous septa without cirrhorsis"},{"code":"LA9639-1","display":"F4 cirrhorsis"}]}]}}