{"resourceType":"ValueSet","id":"LoincRadiologyStudies","text":{"status":"generated","div":"<div xmlns=\"http://www.w3.org/1999/xhtml\"><ul><li>Include these codes as defined in <a href=\"http://loinc.org\"><code>http://loinc.org</code></a><table class=\"none\"><tr><td style=\"white-space:nowrap\"><b>Code</b></td><td><b>Display</b></td></tr><tr><td><a href=\"http://details.loinc.org/LOINC/18748-4.html\">18748-4</a></td><td>Diagnostic imaging study</td></tr><tr><td><a href=\"http://details.loinc.org/LOINC/18782-3.html\">18782-3</a></td><td>X-ray unspecified site study</td></tr><tr><td><a href=\"http://details.loinc.org/LOINC/28564-3.html\">28564-3</a></td><td>X-ray head study</td></tr><tr><td><a href=\"http://details.loinc.org/LOINC/28613-8.html\">28613-8</a></td><td>X-ray spine unspecified study</td></tr><tr><td><a href=\"http://details.loinc.org/LOINC/24946-6.html\">24946-6</a></td><td>X-ray spine cervical study</td></tr><tr><td><a href=\"http://details.loinc.org/LOINC/24983-9.html\">24983-9</a></td><td>X-ray spine thoracic study</td></tr><tr><td><a href=\"http://details.loinc.org/LOINC/24972-2.html\">24972-2</a></td><td>X-ray spine lumbar study</td></tr><tr><td><a href=\"http://details.loinc.org/LOINC/24762-7.html\">24762-7</a></td><td>X-ray hip study</td></tr><tr><td><a href=\"http://details.loinc.org/LOINC/28561-9.html\">28561-9</a></td><td>X-ray pelvis study</td></tr><tr><td><a href=\"http://details.loinc.org/LOINC/24704-9.html\">24704-9</a></td><td>X-ray femur study</td></tr><tr><td><a href=\"http://details.loinc.org/LOINC/28565-0.html\">28565-0</a></td><td>X-ray knee study</td></tr><tr><td><a href=\"http://details.loinc.org/LOINC/25011-8.html\">25011-8</a></td><td>X-ray tibia and fibula study</td></tr><tr><td><a href=\"http://details.loinc.org/LOINC/24541-5.html\">24541-5</a></td><td>X-ray ankle study</td></tr><tr><td><a href=\"http://details.loinc.org/LOINC/24709-8.html\">24709-8</a></td><td>X-ray foot study</td></tr><tr><td><a href=\"http://details.loinc.org/LOINC/24909-4.html\">24909-4</a></td><td>X-ray shoulder study</td></tr><tr><td><a href=\"http://details.loinc.org/LOINC/28567-6.html\">28567-6</a></td><td>X-ray humerus study</td></tr><tr><td><a href=\"http://details.loinc.org/LOINC/24891-4.html\">24891-4</a></td><td>X-ray radius and ulna study</td></tr><tr><td><a href=\"http://details.loinc.org/LOINC/24676-9.html\">24676-9</a></td><td>X-ray elbow study</td></tr><tr><td><a href=\"http://details.loinc.org/LOINC/24619-9.html\">24619-9</a></td><td>X-ray wrist study</td></tr><tr><td><a href=\"http://details.loinc.org/LOINC/28582-5.html\">28582-5</a></td><td>X-ray hand study</td></tr><tr><td><a href=\"http://details.loinc.org/LOINC/25045-6.html\">25045-6</a></td><td>CT Unspecified body region</td></tr><tr><td><a href=\"http://details.loinc.org/LOINC/24725-4.html\">24725-4</a></td><td>CT Head</td></tr><tr><td><a href=\"http://details.loinc.org/LOINC/28566-8.html\">28566-8</a></td><td>CT spine study</td></tr><tr><td><a href=\"http://details.loinc.org/LOINC/24932-6.html\">24932-6</a></td><td>CT spine cervical study</td></tr><tr><td><a href=\"http://details.loinc.org/LOINC/24978-9.html\">24978-9</a></td><td>CT spine thoracic study</td></tr><tr><td><a href=\"http://details.loinc.org/LOINC/24963-1.html\">24963-1</a></td><td>CT spine lumbar study</td></tr><tr><td><a href=\"http://details.loinc.org/LOINC/24627-2.html\">24627-2</a></td><td>CT Chest</td></tr><tr><td><a href=\"http://details.loinc.org/LOINC/41806-1.html\">41806-1</a></td><td>CT Abdomen</td></tr><tr><td><a href=\"http://details.loinc.org/LOINC/24866-6.html\">24866-6</a></td><td>CT pelvis study</td></tr><tr><td><a href=\"http://details.loinc.org/LOINC/24690-0.html\">24690-0</a></td><td>CT extremity study</td></tr><tr><td><a href=\"http://details.loinc.org/LOINC/25056-3.html\">25056-3</a></td><td>MR Unspecified body region</td></tr><tr><td><a href=\"http://details.loinc.org/LOINC/42698-1.html\">42698-1</a></td><td>MRI spine study</td></tr><tr><td><a href=\"http://details.loinc.org/LOINC/24590-2.html\">24590-2</a></td><td>MR Brain</td></tr><tr><td><a href=\"http://details.loinc.org/LOINC/24935-9.html\">24935-9</a></td><td>MRI spine cervical study</td></tr><tr><td><a href=\"http://details.loinc.org/LOINC/24980-5.html\">24980-5</a></td><td>MRI spine thoracic study</td></tr><tr><td><a href=\"http://details.loinc.org/LOINC/24968-0.html\">24968-0</a></td><td>MRI spine lumbar study</td></tr><tr><td><a href=\"http://details.loinc.org/LOINC/24629-8.html\">24629-8</a></td><td>MRI chest study</td></tr><tr><td><a href=\"http://details.loinc.org/LOINC/24556-3.html\">24556-3</a></td><td>MRI abdomen study</td></tr><tr><td><a href=\"http://details.loinc.org/LOINC/24872-4.html\">24872-4</a></td><td>MRI pelvis and hips study</td></tr><tr><td><a href=\"http://details.loinc.org/LOINC/24707-2.html\">24707-2</a></td><td>MRI foot study</td></tr><tr><td><a href=\"http://details.loinc.org/LOINC/24710-6.html\">24710-6</a></td><td>MRI forearm study</td></tr><tr><td><a href=\"http://details.loinc.org/LOINC/28576-7.html\">28576-7</a></td><td>MRI joint study</td></tr><tr><td><a href=\"http://details.loinc.org/LOINC/24720-5.html\">24720-5</a></td><td>MRI hand study</td></tr><tr><td><a href=\"http://details.loinc.org/LOINC/24605-8.html\">24605-8</a></td><td>Mammogram diagnostic views study</td></tr><tr><td><a href=\"http://details.loinc.org/LOINC/24606-6.html\">24606-6</a></td><td>Mammogram screening views study</td></tr><tr><td><a href=\"http://details.loinc.org/LOINC/24888-0.html\">24888-0</a></td><td>Nuclear medicine pulmonary VQ scan study</td></tr><tr><td><a href=\"http://details.loinc.org/LOINC/30695-1.html\">30695-1</a></td><td>Nuclear medicine thyroid scan study</td></tr><tr><td><a href=\"http://details.loinc.org/LOINC/44136-0.html\">44136-0</a></td><td>PT Unspecified body region</td></tr><tr><td><a href=\"http://details.loinc.org/LOINC/25043-1.html\">25043-1</a></td><td>CT guidance for aspiration of unspecified site study</td></tr><tr><td><a href=\"http://details.loinc.org/LOINC/25044-9.html\">25044-9</a></td><td>CT guidance for biopsy of unspecified site study</td></tr><tr><td><a href=\"http://details.loinc.org/LOINC/25069-6.html\">25069-6</a></td><td>Fluoroscopic guidance for biopsy of unspecified site study</td></tr><tr><td><a href=\"http://details.loinc.org/LOINC/25059-7.html\">25059-7</a></td><td>Ultrasound guidance for biopsy of unspecified site study</td></tr><tr><td><a href=\"http://details.loinc.org/LOINC/25061-3.html\">25061-3</a></td><td>US Unspecified body region</td></tr><tr><td><a href=\"http://details.loinc.org/LOINC/24731-2.html\">24731-2</a></td><td>Ultrasound of head study</td></tr><tr><td><a href=\"http://details.loinc.org/LOINC/24842-7.html\">24842-7</a></td><td>Ultrasound of neck study</td></tr><tr><td><a href=\"http://details.loinc.org/LOINC/24558-9.html\">24558-9</a></td><td>Ultrasound of abdomen study</td></tr><tr><td><a href=\"http://details.loinc.org/LOINC/28614-6.html\">28614-6</a></td><td>Ultrasound of liver study</td></tr><tr><td><a href=\"http://details.loinc.org/LOINC/24601-7.html\">24601-7</a></td><td>Ultrasound of breast study</td></tr><tr><td><a href=\"http://details.loinc.org/LOINC/24869-0.html\">24869-0</a></td><td>Ultrasound of pelvis study</td></tr></table></li></ul></div>"},"url":"http://mitwfhir.dicom.org.tw/fhir/ValueSet/LoincRadiologyStudies","version":"0.1.0","name":"LoincRadiologyStudies","title":"LOINC Radiology","status":"draft","date":"2023-03-08T20:44:42+08:00","publisher":"CYLAB","description":"Loinc Radiology Studies","compose":{"include":[{"system":"http://loinc.org","concept":[{"code":"18748-4","display":"Diagnostic imaging study"},{"code":"18782-3","display":"X-ray unspecified site study"},{"code":"28564-3","display":"X-ray head study"},{"code":"28613-8","display":"X-ray spine unspecified study"},{"code":"24946-6","display":"X-ray spine cervical study"},{"code":"24983-9","display":"X-ray spine thoracic study"},{"code":"24972-2","display":"X-ray spine lumbar study"},{"code":"24762-7","display":"X-ray hip study"},{"code":"28561-9","display":"X-ray pelvis study"},{"code":"24704-9","display":"X-ray femur study"},{"code":"28565-0","display":"X-ray knee study"},{"code":"25011-8","display":"X-ray tibia and fibula study"},{"code":"24541-5","display":"X-ray ankle study"},{"code":"24709-8","display":"X-ray foot study"},{"code":"24909-4","display":"X-ray shoulder study"},{"code":"28567-6","display":"X-ray humerus study"},{"code":"24891-4","display":"X-ray radius and ulna study"},{"code":"24676-9","display":"X-ray elbow study"},{"code":"24619-9","display":"X-ray wrist study"},{"code":"28582-5","display":"X-ray hand study"},{"code":"25045-6","display":"CT Unspecified body region"},{"code":"24725-4","display":"CT Head"},{"code":"28566-8","display":"CT spine study"},{"code":"24932-6","display":"CT spine cervical study"},{"code":"24978-9","display":"CT spine thoracic study"},{"code":"24963-1","display":"CT spine lumbar study"},{"code":"24627-2","display":"CT Chest"},{"code":"41806-1","display":"CT Abdomen"},{"code":"24866-6","display":"CT pelvis study"},{"code":"24690-0","display":"CT extremity study"},{"code":"25056-3","display":"MR Unspecified body region"},{"code":"42698-1","display":"MRI spine study"},{"code":"24590-2","display":"MR Brain"},{"code":"24935-9","display":"MRI spine cervical study"},{"code":"24980-5","display":"MRI spine thoracic study"},{"code":"24968-0","display":"MRI spine lumbar study"},{"code":"24629-8","display":"MRI chest study"},{"code":"24556-3","display":"MRI abdomen study"},{"code":"24872-4","display":"MRI pelvis and hips study"},{"code":"24707-2","display":"MRI foot study"},{"code":"24710-6","display":"MRI forearm study"},{"code":"28576-7","display":"MRI joint study"},{"code":"24720-5","display":"MRI hand study"},{"code":"24605-8","display":"Mammogram diagnostic views study"},{"code":"24606-6","display":"Mammogram screening views study"},{"code":"24888-0","display":"Nuclear medicine pulmonary VQ scan study"},{"code":"30695-1","display":"Nuclear medicine thyroid scan study"},{"code":"44136-0","display":"PT Unspecified body region"},{"code":"25043-1","display":"CT guidance for aspiration of unspecified site study"},{"code":"25044-9","display":"CT guidance for biopsy of unspecified site study"},{"code":"25069-6","display":"Fluoroscopic guidance for biopsy of unspecified site study"},{"code":"25059-7","display":"Ultrasound guidance for biopsy of unspecified site study"},{"code":"25061-3","display":"US Unspecified body region"},{"code":"24731-2","display":"Ultrasound of head study"},{"code":"24842-7","display":"Ultrasound of neck study"},{"code":"24558-9","display":"Ultrasound of abdomen study"},{"code":"28614-6","display":"Ultrasound of liver study"},{"code":"24601-7","display":"Ultrasound of breast study"},{"code":"24869-0","display":"Ultrasound of pelvis study"}]}]}}