{"resourceType":"ValueSet","id":"NSCLC-Invasion","text":{"status":"generated","div":"<div xmlns=\"http://www.w3.org/1999/xhtml\"><ul><li>Include all codes defined in <a href=\"CodeSystem-NSCLC-Invasion.html\"><code>http://mitwfhir.dicom.org.tw/fhir/CodeSystem/NSCLC-Invasion</code></a></li></ul></div>"},"url":"http://mitwfhir.dicom.org.tw/fhir/ValueSet/NSCLC-Invasion","version":"0.1.0","name":"Invasion","title":"NSCLC-Invasion","status":"active","date":"2023-06-02T19:19:06+08:00","publisher":"CYLAB","description":"NSCLC-Invasion","compose":{"include":[{"system":"http://mitwfhir.dicom.org.tw/fhir/CodeSystem/NSCLC-Invasion"}]}}