{"resourceType":"ValueSet","id":"NASH-Stage","text":{"status":"generated","div":"<div xmlns=\"http://www.w3.org/1999/xhtml\"><ul><li>Include all codes defined in <a href=\"CodeSystem-NASH-Stage.html\"><code>http://mitwfhir.dicom.org.tw/fhir/CodeSystem/NASH-Stage</code></a></li></ul></div>"},"url":"http://mitwfhir.dicom.org.tw/fhir/ValueSet/NASH-Stage","version":"0.1.0","name":"Stage","title":"NASH-Stage","status":"active","date":"2023-04-19T19:56:19+08:00","publisher":"CYLAB","description":"NASH-Stage","compose":{"include":[{"system":"http://mitwfhir.dicom.org.tw/fhir/CodeSystem/NASH-Stage"}]}}