{"resourceType":"ValueSet","id":"NASH-Intralobular-Degeneration-Necrosis","text":{"status":"generated","div":"<div xmlns=\"http://www.w3.org/1999/xhtml\"><ul><li>Include all codes defined in <a href=\"CodeSystem-NASH-Intralobular-Degeneration-Necrosis.html\"><code>http://mitwfhir.dicom.org.tw/fhir/CodeSystem/NASH-Intralobular-Degeneration-Necrosis</code></a></li></ul></div>"},"url":"http://mitwfhir.dicom.org.tw/fhir/ValueSet/NASH-Intralobular-Degeneration-Necrosis","version":"0.1.0","name":"IntralobularDegenerationNecrosis","title":"NASH-Intralobular Degeneration/Necrosis","status":"active","date":"2023-06-02T19:19:06+08:00","publisher":"CYLAB","description":"NASH-Intralobular Degeneration/Necrosis","compose":{"include":[{"system":"http://mitwfhir.dicom.org.tw/fhir/CodeSystem/NASH-Intralobular-Degeneration-Necrosis"}]}}