{"resourceType":"ValueSet","id":"NASH-Portal-Inflammation","text":{"status":"generated","div":"<div xmlns=\"http://www.w3.org/1999/xhtml\"><ul><li>Include all codes defined in <a href=\"CodeSystem-NASH-Portal-Inflammation.html\"><code>http://mitwfhir.dicom.org.tw/fhir/CodeSystem/NASH-Portal-Inflammation</code></a></li></ul></div>"},"url":"http://mitwfhir.dicom.org.tw/fhir/ValueSet/NASH-Portal-Inflammation","version":"0.1.0","name":"PortalInflammation","title":"NASH-Portal-Inflammation","status":"active","date":"2023-07-09T22:38:53+08:00","publisher":"CYLAB","description":"NASH-Portal Inflammation","compose":{"include":[{"system":"http://mitwfhir.dicom.org.tw/fhir/CodeSystem/NASH-Portal-Inflammation"}]}}