{"resourceType":"ValueSet","id":"NSCLC-pT","text":{"status":"generated","div":"<div xmlns=\"http://www.w3.org/1999/xhtml\"><ul><li>Include all codes defined in <a href=\"CodeSystem-NSCLC-pT.html\"><code>http://mitwfhir.dicom.org.tw/fhir/CodeSystem/NSCLC-pT</code></a></li></ul></div>"},"url":"http://mitwfhir.dicom.org.tw/fhir/ValueSet/NSCLC-pT","version":"0.1.0","name":"NonSmallCellLungCancerpTCodes","title":"NSCLC-pT","status":"active","date":"2023-07-09T22:38:53+08:00","publisher":"CYLAB","description":"NSCLC-pT","compose":{"include":[{"system":"http://mitwfhir.dicom.org.tw/fhir/CodeSystem/NSCLC-pT"}]}}