{"resourceType":"ValueSet","id":"NASH-Steatosis","text":{"status":"generated","div":"<div xmlns=\"http://www.w3.org/1999/xhtml\"><ul><li>Include all codes defined in <a href=\"CodeSystem-NASH-Steatosis.html\"><code>http://mitwfhir.dicom.org.tw/fhir/CodeSystem/NASH-Steatosis</code></a></li></ul></div>"},"url":"http://mitwfhir.dicom.org.tw/fhir/ValueSet/NASH-Steatosis","version":"0.1.0","name":"Steatosis","title":"NASH-Steatosis","status":"active","date":"2023-06-02T19:19:06+08:00","publisher":"CYLAB","description":"NASH-Steatosis","compose":{"include":[{"system":"http://mitwfhir.dicom.org.tw/fhir/CodeSystem/NASH-Steatosis"}]}}