{"resourceType":"ValueSet","id":"NSCLC-Grading","text":{"status":"generated","div":"<div xmlns=\"http://www.w3.org/1999/xhtml\"><ul><li>Include all codes defined in <a href=\"CodeSystem-NSCLC-Grading.html\"><code>http://mitwfhir.dicom.org.tw/fhir/CodeSystem/NSCLC-Grading</code></a></li></ul></div>"},"url":"http://mitwfhir.dicom.org.tw/fhir/ValueSet/NSCLC-Grading","version":"0.1.0","name":"NonSmallCellLungCancerGradeCodes","title":"NSCLC-WHO GRADE","status":"active","date":"2023-07-09T22:38:53+08:00","publisher":"CYLAB","description":"NSCLC-WHO GRADE","compose":{"include":[{"system":"http://mitwfhir.dicom.org.tw/fhir/CodeSystem/NSCLC-Grading"}]}}