{"resourceType":"ValueSet","id":"NASH-Necroinflammatory-Grading","text":{"status":"generated","div":"<div xmlns=\"http://www.w3.org/1999/xhtml\"><ul><li>Include all codes defined in <a href=\"CodeSystem-NASH-Necroinflammatory-Grading.html\"><code>http://mitwfhir.dicom.org.tw/fhir/CodeSystem/NASH-Necroinflammatory-Grading</code></a></li></ul></div>"},"url":"http://mitwfhir.dicom.org.tw/fhir/ValueSet/NASH-Necroinflammatory-Grading","version":"0.1.0","name":"NecroinflammatoryGrading","title":"NASH-Necroinflammatory Grading","status":"active","date":"2023-07-09T22:38:53+08:00","publisher":"CYLAB","description":"NASH-NecroinflammatoryGrading","compose":{"include":[{"system":"http://mitwfhir.dicom.org.tw/fhir/CodeSystem/NASH-Necroinflammatory-Grading"}]}}