{"resourceType":"ValueSet","id":"NASH-Fibrosis-Stage","text":{"status":"generated","div":"<div xmlns=\"http://www.w3.org/1999/xhtml\"><ul><li>Include all codes defined in <a href=\"CodeSystem-NASH-Fibrosis-Stage.html\"><code>http://mitwfhir.dicom.org.tw/fhir/CodeSystem/NASH-Fibrosis-Stage</code></a></li></ul></div>"},"url":"http://mitwfhir.dicom.org.tw/fhir/ValueSet/NASH-Fibrosis-Stage","version":"0.1.0","name":"FibrosisStage","title":"NASH-Fibrosis-Stage","status":"active","date":"2023-06-02T19:19:06+08:00","publisher":"CYLAB","description":"NASH-Fibrosis Stage","compose":{"include":[{"system":"http://mitwfhir.dicom.org.tw/fhir/CodeSystem/NASH-Fibrosis-Stage"}]}}