{"resourceType":"ValueSet","id":"NASH-Lobular-Inflammation","text":{"status":"generated","div":"<div xmlns=\"http://www.w3.org/1999/xhtml\"><ul><li>Include all codes defined in <a href=\"CodeSystem-NASH-Lobular-Inflammation.html\"><code>http://mitwfhir.dicom.org.tw/fhir/CodeSystem/NASH-Lobular-Inflammation</code></a></li></ul></div>"},"url":"http://mitwfhir.dicom.org.tw/fhir/ValueSet/NASH-Lobular-Inflammation","version":"0.1.0","name":"LobularInflammation","title":"NASH-Lobular Inflammation","status":"active","date":"2023-07-09T22:38:53+08:00","publisher":"CYLAB","description":"NASH-Lobular Inflammation","compose":{"include":[{"system":"http://mitwfhir.dicom.org.tw/fhir/CodeSystem/NASH-Lobular-Inflammation"}]}}