{"resourceType":"ValueSet","id":"NSCLC-MicroscopicFinding","text":{"status":"generated","div":"<div xmlns=\"http://www.w3.org/1999/xhtml\"><ul><li>Include all codes defined in <a href=\"CodeSystem-NSCLC-MicroscopicFinding.html\"><code>http://mitwfhir.dicom.org.tw/fhir/CodeSystem/NSCLC-MicroscopicFinding</code></a></li></ul></div>"},"url":"http://mitwfhir.dicom.org.tw/fhir/ValueSet/NSCLC-MicroscopicFinding","version":"0.1.0","name":"MicroscopicFinding","title":"NSCLC-MicroscopicFinding","status":"active","date":"2023-04-19T19:56:19+08:00","publisher":"CYLAB","description":"NSCLC-MicroscopicFinding","compose":{"include":[{"system":"http://mitwfhir.dicom.org.tw/fhir/CodeSystem/NSCLC-MicroscopicFinding"}]}}