{"resourceType":"ValueSet","id":"NSCLC-Pleural-Invasion","text":{"status":"generated","div":"<div xmlns=\"http://www.w3.org/1999/xhtml\"><ul><li>Include all codes defined in <a href=\"CodeSystem-NSCLC-Pleural-Invasion.html\"><code>http://mitwfhir.dicom.org.tw/fhir/CodeSystem/NSCLC-Pleural-Invasion</code></a></li></ul></div>"},"url":"http://mitwfhir.dicom.org.tw/fhir/ValueSet/NSCLC-Pleural-Invasion","version":"0.1.0","name":"PleuralInvasion","title":"NSCLC-Pleural invasion","status":"active","date":"2023-07-09T22:38:53+08:00","publisher":"CYLAB","description":"NSCLC-Pleural invasion","compose":{"include":[{"system":"http://mitwfhir.dicom.org.tw/fhir/CodeSystem/NSCLC-Pleural-Invasion"}]}}