{"resourceType":"ValueSet","id":"NASH-Periportal-Bridging-Necrosis","text":{"status":"generated","div":"<div xmlns=\"http://www.w3.org/1999/xhtml\"><ul><li>Include all codes defined in <a href=\"CodeSystem-NASH-Periportal-Bridging-Necrosis.html\"><code>http://mitwfhir.dicom.org.tw/fhir/CodeSystem/NASH-Periportal-Bridging-Necrosis</code></a></li></ul></div>"},"url":"http://mitwfhir.dicom.org.tw/fhir/ValueSet/NASH-Periportal-Bridging-Necrosis","version":"0.1.0","name":"PeriportalBridgingNecrosis","title":"NASH-NASH-Periportal/Bridging Necrosis","status":"active","date":"2023-06-02T19:19:06+08:00","publisher":"CYLAB","description":"NASH-Periportal/Bridging Necrosis","compose":{"include":[{"system":"http://mitwfhir.dicom.org.tw/fhir/CodeSystem/NASH-Periportal-Bridging-Necrosis"}]}}