{"resourceType":"ValueSet","id":"NASH-Ballooning","text":{"status":"generated","div":"<div xmlns=\"http://www.w3.org/1999/xhtml\"><ul><li>Include all codes defined in <a href=\"CodeSystem-NASH-Ballooning.html\"><code>http://mitwfhir.dicom.org.tw/fhir/CodeSystem/NASH-Ballooning</code></a></li></ul></div>"},"url":"http://mitwfhir.dicom.org.tw/fhir/ValueSet/NASH-Ballooning","version":"0.1.0","name":"Ballooning","title":"NASH-Ballooning","status":"active","date":"2023-06-02T19:19:06+08:00","publisher":"CYLAB","description":"NASH-Ballooning","compose":{"include":[{"system":"http://mitwfhir.dicom.org.tw/fhir/CodeSystem/NASH-Ballooning"}]}}