{"resourceType":"ValueSet","id":"ICD-10-procedurecode","text":{"status":"generated","div":"<div xmlns=\"http://www.w3.org/1999/xhtml\"><ul><li>Include all codes defined in <a href=\"CodeSystem-ICD-10-procedurecode.html\"><code>http://mitwfhir.dicom.org.tw/fhir/CodeSystem/ICD-10-procedurecode</code></a></li></ul></div>"},"url":"http://mitwfhir.dicom.org.tw/fhir/ValueSet/ICD-10-procedurecode","version":"0.1.0","name":"ProcedureCode","title":"ICD-10 PCS","status":"active","date":"2023-04-19T19:56:19+08:00","publisher":"CYLAB","description":"ICD-10-Procedure Code","compose":{"include":[{"system":"http://mitwfhir.dicom.org.tw/fhir/CodeSystem/ICD-10-procedurecode"}]}}