{"resourceType":"ValueSet","id":"NSCLC-Histologic-pattern","text":{"status":"generated","div":"<div xmlns=\"http://www.w3.org/1999/xhtml\"><ul><li>Include all codes defined in <a href=\"CodeSystem-NSCLC-Histologic-pattern.html\"><code>http://mitwfhir.dicom.org.tw/fhir/CodeSystem/NSCLC-Histologic-pattern</code></a></li></ul></div>"},"url":"http://mitwfhir.dicom.org.tw/fhir/ValueSet/NSCLC-Histologic-pattern","version":"0.1.0","name":"HistologicPattern","title":"NSCLC-Histologic-pattern","status":"active","date":"2023-04-19T19:56:19+08:00","publisher":"CYLAB","description":"NSCLC-Histologic-pattern","compose":{"include":[{"system":"http://mitwfhir.dicom.org.tw/fhir/CodeSystem/NSCLC-Histologic-pattern"}]}}